branch_id,tag,policy,rule,jerk,adoption_index,adoption_target_m,t_info,v_adopt,m_true_adopt,m_est_adopt,m_target_adopt,later_event,event_index,steps_after_adopt,v_event,d_true_event,event_type,m_true_pre,m_est_pre,m_target_pre,event_class,max_abs_innovation_m,buffered_reason,buffered_feasible,estimated_line_reason,estimated_line_feasible,true_line_reason,true_line_feasible
02b7a605afda,v6_formal_v22,constant,cons,4.0,17,67.0000000000002,145.0,13.446942079418173,49.732530029365606,46.19925120501806,29.292266760019253,False,,,,,,,,,,,,,,,,
02cae198ded8,v6_formal_v22,runs/v4r_s2/v4_pilot/supervised/final_nets.pt,min,3.0,16,56.0000000000002,144.5,18.796473213562017,15.55667650537309,21.964877450242597,5.066180431517537,False,,,,,,,,,,,,,,,,
03f844fe29ae,v6_formal_v22,constant,min,3.0,12,100.0000000000002,142.5,22.22222222222222,30.25048205348409,35.58485678352862,12.472128265999316,False,,,,,,,,,,,,,,,,
0548319f4a0b,v6_formal_v22,constant,min,4.0,14,78.0000000000002,143.5,21.848852921018583,16.000116302464335,20.042394382565107,0.442812347065626,True,16,2,18.72602932433526,66.24013978531639,fallback,16.00011630246412,16.968888514898097,-0.5825050201700748,later_highspeed,3.0735058676668814,stop_distance_infeasible,False,feasible,True,feasible,True
0694ddeb1271,v6_formal_v22,constant,cons,3.0,14,89.0000000000002,143.5,16.77320990431456,57.565159754820556,60.076475235207866,39.00159189310256,False,,,,,,,,,,,,,,,,
072dcca48582,v6_formal_v22,runs/v4r_s1/v4_pilot/supervised/final_nets.pt,cons,2.0,11,120.0000000000002,142.0,16.802866329824266,85.35091852103312,110.12282883124891,81.3184519533524,True,32,21,5.263141838254295,13.118369408583476,fallback,7.467028861934972,7.143710758068135,-1.1702825755084376,later_highspeed,13.217318396938026,stop_distance_infeasible,False,feasible,True,feasible,True
073391fa95e9,v6_formal_v22,runs/v4r_s1/v4_pilot/supervised/final_nets.pt,cons,4.0,14,100.0000000000002,143.5,15.401199626176197,68.17312911740692,79.1616183625309,55.94296170598868,True,31,17,3.9735495638459195,13.096441542068078,fallback,10.300828560375013,5.682663313913896,-1.952719347715604,terminal,7.778487302352005,stop_distance_infeasible,False,feasible,True,feasible,True
0a60e20cfd92,v6_formal_v22,constant,cons,4.0,8,150.0000000000002,140.5,20.622573912962945,90.85499592138123,92.30577731340392,62.871043218966285,False,,,,,,,,,,,,,,,,
0ac77d018bd8,v6_formal_v22,runs/v4r_s1/v4_pilot/supervised/final_nets.pt,min,3.0,19,56.0000000000002,146.0,14.209843261374367,28.9865309025753,27.757090615340825,12.836618549791421,False,,,,,,,,,,,,,,,,
0cad23f8797e,v6_formal_v22,runs/v4r_s1/v4_pilot/supervised/final_nets.pt,cons,4.0,8,150.0000000000002,140.5,19.772785986213524,98.99290329507438,100.48617408343468,71.01319953229331,False,,,,,,,,,,,,,,,,
0cb4ac07cddb,v6_formal_v22,runs/v4r_s1/v4_pilot/supervised/final_nets.pt,min,2.0,8,150.0000000000002,140.5,21.72222222222222,79.4379820534849,80.43065707736541,51.28376684909394,True,41,33,0.03618609535334172,9.491835462434665,fallback,9.500881986272946,7.061470422045588,-0.0005790090611480399,terminal,13.959535929403955,stop_distance_infeasible,False,feasible,True,feasible,True
0d7df33d10a2,v6_formal_v22,runs/v4r_s1/v4_pilot/supervised/final_nets.pt,min,2.0,11,120.0000000000002,142.0,18.346932960881126,74.29106290399278,98.37898239167845,70.2896587992357,False,,,,,,,,,,,,,,,,
0d8d8c7eafc8,v6_formal_v22,constant,cons,4.0,21,44.0000000000002,147.0,11.294992791853044,32.9079790004146,42.72086134346992,27.56267315592107,False,,,,,,,,,,,,,,,,
0ec26bcd4aa3,v6_formal_v22,runs/v4r/v4_pilot/supervised/final_nets.pt,cons,2.0,11,120.0000000000002,142.0,18.48860534707975,70.46457305191831,92.83447233594853,64.63119939647677,False,,,,,,,,,,,,,,,,
10646af7b13d,v6_formal_v22,constant,min,3.0,13,89.0000000000002,143.0,22.22222222222222,19.13937094237278,24.60500546009112,3.139254641077443,True,27,14,3.6205632527982763,13.074629405547967,fallback,10.708257180138519,6.8093284459188865,-0.8994223856518939,terminal,5.611695218953628,stop_distance_infeasible,False,feasible,True,feasible,True
10e1cd662c48,v6_formal_v22,runs/v4r_s2/v4_pilot/supervised/final_nets.pt,min,2.0,10,120.0000000000002,141.5,22.22222222222222,46.10464872015116,54.359639520941826,27.475485259467206,True,41,31,0.0369042696408417,5.211627596644121,fallback,5.22085366405444,7.062105519318153,-8.603426237117906e-06,terminal,10.895829408420013,stop_distance_infeasible,False,feasible,True,feasible,True
111ac26d3e46,v6_formal_v22,runs/v4r_s1/v4_pilot/supervised/final_nets.pt,min,4.0,11,120.0000000000002,142.0,17.65928833021058,79.54985193255125,103.13315135832677,74.95308740691982,False,,,,,,,,,,,,,,,,
11ba507fe3bf,v6_formal_v22,runs/v4r_s1/v4_pilot/supervised/final_nets.pt,min,3.0,8,150.0000000000002,140.5,21.47222222222222,85.80603760904046,86.81121263292098,57.65307240464949,True,31,23,3.4679863094042567,14.037140451589948,fallback,11.353837795145374,5.9048572566986985,-1.7090907034781155,terminal,14.249752898064344,stop_distance_infeasible,False,feasible,True,feasible,True
1300f8288caf,v6_formal_v22,runs/v4r_s2/v4_pilot/supervised/final_nets.pt,early,2.0,5,,139.0,22.22222222222222,101.66020427570773,94.3430497911241,61.461383989122155,True,28,23,7.576964895594968,19.712196881089312,fallback,9.30954293408864,9.390938714941704,-0.14637255151925999,later_highspeed,14.07624183832013,stop_distance_infeasible,False,feasible,True,feasible,True
149d42957188,v6_formal_v22,runs/v4r_s2/v4_pilot/supervised/final_nets.pt,min,4.0,16,56.0000000000002,144.5,18.796333595281364,15.557303955799028,22.014659412173984,5.11798528424076,True,26,10,3.6829955322888983,13.220842282693866,fallback,11.006314015954018,5.841460444955238,-1.7087875267207133,terminal,5.414112676973673,stop_distance_infeasible,False,feasible,True,feasible,True
14f8c89a577a,v6_formal_v22,constant,cons,3.0,21,44.0000000000002,147.0,11.279907971309445,32.18496046947818,29.178318400079675,15.955437375356276,False,,,,,,,,,,,,,,,,
1699c052af5c,v6_formal_v22,runs/v4r_s2/v4_pilot/supervised/final_nets.pt,min,3.0,14,78.0000000000002,143.5,21.72336259336185,16.000116303127243,20.048668899610846,0.4434397993668142,True,16,2,18.729353688573553,66.30254418574168,fallback,16.000116303127044,16.92878064347653,-0.62604525992748,later_highspeed,3.1198882561338905,stop_distance_infeasible,False,feasible,True,feasible,True
171d06b54227,v6_formal_v22,runs/v4r_s1/v4_pilot/supervised/final_nets.pt,min,3.0,16,78.0000000000002,144.5,15.187926290763748,46.72503053819946,41.73711479200176,24.073164970681205,False,,,,,,,,,,,,,,,,
176c6f4ec527,v6_formal_v22,runs/v4r/v4_pilot/supervised/final_nets.pt,cons,4.0,21,44.0000000000002,147.0,11.153052958844594,33.51990553329533,41.61473805592017,26.582890836397798,False,,,,,,,,,,,,,,,,
182f0c763eaa,v6_formal_v22,constant,min,3.0,14,78.0000000000002,143.5,21.72336259336185,16.000116303127243,20.048668899610846,0.4434397993668142,True,16,2,18.729353688573553,66.30254418574168,fallback,16.000116303127044,16.92878064347653,-0.62604525992748,later_highspeed,3.1198882561338905,stop_distance_infeasible,False,feasible,True,feasible,True
190376f19ace,v6_formal_v22,runs/v4r/v4_pilot/supervised/final_nets.pt,early,4.0,5,,139.0,22.22222222222222,111.14631538681886,103.82916090223523,70.94749510023328,False,,,,,,,,,,,,,,,,
1909728ec7d6,v6_formal_v22,runs/v4r_s1/v4_pilot/supervised/final_nets.pt,cons,2.0,8,150.0000000000002,140.5,19.83159135786229,96.75412438522123,98.43751905527775,68.9750430335403,True,32,24,5.263147602197034,13.109320850906443,fallback,7.457993438276739,7.143714989478465,-1.170277441002538,later_highspeed,13.217645317518418,stop_distance_infeasible,False,feasible,True,feasible,True
19d7ede23ce9,v6_formal_v22,constant,min,4.0,16,56.0000000000002,144.5,18.796333595281364,15.557303955799028,22.014659412173984,5.11798528424076,True,26,10,3.6829955322888983,13.220842282693866,fallback,11.006314015954018,5.841460444955238,-1.7087875267207133,terminal,5.414112676973673,stop_distance_infeasible,False,feasible,True,feasible,True
1a51384df45e,v6_formal_v22,runs/v4r_s2/v4_pilot/supervised/final_nets.pt,early,3.0,5,,139.0,22.22222222222222,108.02825983126328,100.71110534667966,67.82943954467771,False,,,,,,,,,,,,,,,,
1a552d076f43,v6_formal_v22,runs/v4r_s2/v4_pilot/supervised/final_nets.pt,cons,3.0,14,89.0000000000002,143.5,16.77320990431456,57.565159754820556,60.076475235207866,39.00159189310256,False,,,,,,,,,,,,,,,,
1d9ac33d8def,v6_formal_v22,runs/v4r_s1/v4_pilot/supervised/final_nets.pt,cons,4.0,16,78.0000000000002,144.5,14.71907250061496,55.87394928551612,51.381137241680335,32.740802914552134,True,40,24,0.05172025821846393,7.338215615634908,fallback,7.351145680189472,7.049452827187577,-0.014001691019359101,terminal,6.366990510762207,stop_distance_infeasible,False,feasible,True,feasible,True
1ed854a27380,v6_formal_v22,runs/v4r_s2/v4_pilot/supervised/final_nets.pt,min,3.0,15,67.0000000000002,144.0,20.546473213562017,15.55667650537329,16.48174233326975,-1.0698449089265267,True,16,1,18.796473213562017,66.24977917996421,fallback,15.55667650537329,16.48174233326975,-1.0698449089265267,adoption_negative,0.0,stop_distance_infeasible,False,feasible,True,feasible,True
1fb448dbd8df,v6_formal_v22,runs/v4r/v4_pilot/supervised/final_nets.pt,min,2.0,19,44.0000000000002,146.0,15.586949503256214,15.46463241185576,21.573811495208723,6.878519612691427,True,27,8,3.4663198060881744,15.060946050760322,fallback,12.343536684902272,6.253938419040942,-1.4136454209436256,terminal,6.5703282032550305,stop_distance_infeasible,False,feasible,True,feasible,True
2029ab1c6b6a,v6_formal_v22,runs/v4r_s2/v4_pilot/supervised/final_nets.pt,min,3.0,12,100.0000000000002,142.5,22.22222222222222,30.25048205348409,35.58485678352862,12.472128265999316,False,,,,,,,,,,,,,,,,
216cec629308,v6_formal_v22,runs/v4r/v4_pilot/supervised/final_nets.pt,cons,2.0,13,100.0000000000002,143.0,17.355915736956117,62.0152189096929,65.02126917202483,42.42966266711057,True,30,17,4.576651345740611,14.201987905071746,fallback,10.939649582124792,7.4304176140114695,-0.5602718965068867,terminal,9.724675520412802,stop_distance_infeasible,False,feasible,True,feasible,True
21e65a2871fe,v6_formal_v22,runs/v4r/v4_pilot/supervised/final_nets.pt,cons,3.0,13,100.0000000000002,143.0,17.324929978120487,63.850738475207635,66.62316174616089,44.02651181115341,False,,,,,,,,,,,,,,,,
284bd8cc722c,v6_formal_v22,runs/v4r_s1/v4_pilot/supervised/final_nets.pt,cons,2.0,18,67.0000000000002,145.5,13.532462025159296,43.5178806685485,43.27720990782517,26.205473189922106,False,,,,,,,,,,,,,,,,
29ad3ace2900,v6_formal_v22,runs/v4r_s2/v4_pilot/supervised/final_nets.pt,cons,3.0,11,120.0000000000002,142.0,18.91237131274578,67.53450403230832,89.90560115933346,61.72462268331325,False,,,,,,,,,,,,,,,,
29fe54a0ad7c,v6_formal_v22,constant,min,2.0,10,120.0000000000002,141.5,22.22222222222222,46.10464872015116,54.359639520941826,27.475485259467206,True,41,31,0.0369042696408417,5.211627596644121,fallback,5.22085366405444,7.062105519318153,-8.603426237117906e-06,terminal,10.895829408420013,stop_distance_infeasible,False,feasible,True,feasible,True
2a0a5f6bfa79,v6_formal_v22,runs/v4r/v4_pilot/supervised/final_nets.pt,min,3.0,18,56.0000000000002,145.5,16.75612611344291,17.60739580584523,16.708265170329923,1.8198705394581864,True,28,10,4.9997395094969965,13.01178588592984,fallback,9.077517655625,7.631522643710808,-0.49864080450928583,terminal,6.7590210719072275,stop_distance_infeasible,False,feasible,True,feasible,True
2a60ebc03655,v6_formal_v22,runs/v4r_s1/v4_pilot/supervised/final_nets.pt,min,3.0,13,100.0000000000002,143.0,16.711621148718727,64.57219265658861,68.7245791147085,46.12134531936965,True,31,18,3.4680072848349086,14.0251671061028,fallback,11.341861328862343,5.90488886131348,-1.709065880832239,terminal,12.66342260101601,stop_distance_infeasible,False,feasible,True,feasible,True
2c2344c89b18,v6_formal_v22,runs/v4r_s2/v4_pilot/supervised/final_nets.pt,min,2.0,16,56.0000000000002,144.5,18.76884543598667,15.790717178579449,22.05134283770483,5.124968927360101,True,26,10,3.5817233496417566,13.992757024992443,fallback,10.995289802078947,6.123318744322193,-1.574952866025237,terminal,4.334588281305514,stop_distance_infeasible,False,feasible,True,feasible,True
2cf42b61de6d,v6_formal_v22,constant,early,3.0,5,,139.0,22.22222222222222,108.02825983126328,100.71110534667966,67.82943954467771,False,,,,,,,,,,,,,,,,
2e26116efd05,v6_formal_v22,runs/v4r_s2/v4_pilot/supervised/final_nets.pt,min,4.0,8,150.0000000000002,140.5,22.22222222222222,77.81298205348492,78.78065707736545,49.65626684909395,True,39,31,0.07001022068543361,9.212041048730498,fallback,9.229543603902016,7.061265389907419,-0.0038590774051926804,terminal,14.123357673191549,stop_distance_infeasible,False,feasible,True,feasible,True
307c7a4f12e3,v6_formal_v22,runs/v4r_s2/v4_pilot/supervised/final_nets.pt,cons,4.0,11,120.0000000000002,142.0,18.979027770921032,69.7250277067066,91.92311453218018,63.74214373424992,False,,,,,,,,,,,,,,,,
30e50eaf6c06,v6_formal_v22,runs/v4r_s2/v4_pilot/supervised/final_nets.pt,min,4.0,13,89.0000000000002,143.0,22.22222222222222,22.25742649792835,27.723061015646692,6.257310196633014,False,,,,,,,,,,,,,,,,
314225c8012d,v6_formal_v22,runs/v4r/v4_pilot/supervised/final_nets.pt,min,2.0,8,150.0000000000002,140.5,21.72222222222222,79.4379820534849,80.43065707736541,51.28376684909394,False,,,,,,,,,,,,,,,,
33229ec8646b,v6_formal_v22,runs/v4r/v4_pilot/supervised/final_nets.pt,cons,2.0,8,150.0000000000002,140.5,20.42241815236741,88.01089646127399,89.66474979160525,60.22886097562055,False,,,,,,,,,,,,,,,,
337fa6ff19b7,v6_formal_v22,runs/v4r_s1/v4_pilot/supervised/final_nets.pt,min,3.0,11,120.0000000000002,142.0,17.90928833021058,77.79985193255125,101.48925067473304,73.35889682586514,False,,,,,,,,,,,,,,,,
356176a93ee0,v6_formal_v22,runs/v4r_s2/v4_pilot/supervised/final_nets.pt,min,4.0,10,120.0000000000002,141.5,22.22222222222222,55.59075983126229,63.845750632052955,36.961596370578334,True,39,29,0.06491815913997101,7.2291493415768855,fallback,7.245378881362009,7.0573034674199455,-0.007354379413071599,terminal,11.018329408419959,stop_distance_infeasible,False,feasible,True,feasible,True
369efa07a4b0,v6_formal_v22,runs/v4r_s1/v4_pilot/supervised/final_nets.pt,cons,2.0,16,78.0000000000002,144.5,14.730413583492574,50.45630670028531,45.24469458576189,26.809020629763424,False,,,,,,,,,,,,,,,,
36b85662bfa6,v6_formal_v22,runs/v4r_s2/v4_pilot/supervised/final_nets.pt,min,2.0,12,100.0000000000002,142.5,22.22222222222222,23.882426497928535,29.216801227973065,6.104072710443759,False,,,,,,,,,,,,,,,,
37d15d32bc8c,v6_formal_v22,runs/v4r/v4_pilot/supervised/final_nets.pt,min,2.0,14,89.0000000000002,143.5,18.28100372871591,36.85493413124871,40.87690572871807,19.99706829459747,False,,,,,,,,,,,,,,,,
39dc2f00a3bf,v6_formal_v22,runs/v4r_s2/v4_pilot/supervised/final_nets.pt,cons,4.0,13,100.0000000000002,143.0,17.919600360704724,60.94023595805835,64.11681573414657,41.59396810349604,False,,,,,,,,,,,,,,,,
3a69b7b3d29f,v6_formal_v22,constant,cons,3.0,17,67.0000000000002,145.0,12.937271076567898,51.35707247505279,47.383289856128584,30.588897574724605,False,,,,,,,,,,,,,,,,
3b1893c96211,v6_formal_v22,runs/v4r_s1/v4_pilot/supervised/final_nets.pt,min,2.0,13,100.0000000000002,143.0,16.99160303009881,60.68611218292719,64.44316969886786,42.05311712661447,False,,,,,,,,,,,,,,,,
3cd06d79793a,v6_formal_v22,runs/v4r_s1/v4_pilot/supervised/final_nets.pt,min,2.0,20,44.0000000000002,146.5,14.130931804629249,16.246999889702252,23.083683176459616,8.23634606694722,True,29,9,3.6050920856306288,12.988515962754718,fallback,8.588191306547788,4.749583871455013,-2.954983638937848,terminal,8.571836020650608,stop_distance_infeasible,False,feasible,True,feasible,True
3cf6279a3660,v6_formal_v22,runs/v4r/v4_pilot/supervised/final_nets.pt,cons,3.0,17,67.0000000000002,145.0,13.673949928562147,49.691619554652675,47.01989078257678,29.905827972144813,True,30,13,3.863494190078998,14.924147832674407,fallback,12.024081377025874,4.443593426078245,-3.013342620436706,terminal,10.095022373185657,stop_distance_infeasible,False,feasible,True,feasible,True
433870f5d94a,v6_formal_v22,constant,cons,2.0,19,56.0000000000002,146.0,12.0950480946451,36.24380372846355,39.01202386663611,23.396045973768167,True,28,9,7.576964895594968,19.712196881089312,fallback,9.30954293408864,9.390938714941704,-0.14637255151925999,later_highspeed,3.6576009631335182,stop_distance_infeasible,False,feasible,True,feasible,True
457071fb4542,v6_formal_v22,runs/v4r_s1/v4_pilot/supervised/final_nets.pt,min,4.0,13,100.0000000000002,143.0,16.541411442889107,67.12696233980397,70.83992997637634,48.2054682763324,False,,,,,,,,,,,,,,,,
460eb1b0b877,v6_formal_v22,runs/v4r_s1/v4_pilot/supervised/final_nets.pt,cons,2.0,13,100.0000000000002,143.0,15.850378354465303,69.79777507184897,81.07972357763055,56.74533449509595,True,31,18,4.721138020764619,13.424196704526366,fallback,10.158440175671902,7.791907077421414,-0.24539865242190384,terminal,7.07039382721814,stop_distance_infeasible,False,feasible,True,feasible,True
4613735256cc,v6_formal_v22,constant,cons,4.0,11,120.0000000000002,142.0,18.979027770921032,69.7250277067066,91.92311453218018,63.74214373424992,False,,,,,,,,,,,,,,,,
46815ddb2e68,v6_formal_v22,runs/v4r_s2/v4_pilot/supervised/final_nets.pt,cons,4.0,21,44.0000000000002,147.0,11.294992791853044,32.9079790004146,42.72086134346992,27.56267315592107,False,,,,,,,,,,,,,,,,
46d25895a9ab,v6_formal_v22,constant,min,2.0,13,89.0000000000002,143.0,22.026662908352186,17.778353789123656,23.2537662725355,1.7792152843976794,False,,,,,,,,,,,,,,,,
47b62ca4436c,v6_formal_v22,runs/v4r/v4_pilot/supervised/final_nets.pt,cons,3.0,16,78.0000000000002,144.5,14.639800175836534,52.999767620416655,49.53894989929275,31.48148480230305,True,30,14,3.863502601843453,14.923915843439772,fallback,12.023847352359784,4.443606882141895,-3.013332118979667,terminal,10.095022373185657,stop_distance_infeasible,False,feasible,True,feasible,True
49b8f4cd0a0f,v6_formal_v22,runs/v4r_s2/v4_pilot/supervised/final_nets.pt,cons,3.0,19,56.0000000000002,146.0,12.541248002467874,37.95629796985246,39.19205354222166,23.532639445817985,False,,,,,,,,,,,,,,,,
4a88ced791f5,v6_formal_v22,runs/v4r_s1/v4_pilot/supervised/final_nets.pt,early,4.0,5,,139.0,22.22222222222222,111.14631538681886,103.82916090223523,70.94749510023328,True,30,25,3.539740256266662,15.00813659493042,fallback,12.581203232903691,4.345149656566081,-3.001768315442841,terminal,12.761254770179676,stop_distance_infeasible,False,feasible,True,feasible,True
4d2d1dfade40,v6_formal_v22,runs/v4r_s1/v4_pilot/supervised/final_nets.pt,min,2.0,14,89.0000000000002,143.5,16.323917729987038,55.69279527590526,58.67153425079473,37.647561488202264,True,31,17,3.480888444313103,14.149295226146478,fallback,11.11369363597056,5.573957271915326,-2.044168190721818,terminal,10.579027165569187,stop_distance_infeasible,False,feasible,True,feasible,True
51530343203d,v6_formal_v22,runs/v4r_s2/v4_pilot/supervised/final_nets.pt,cons,3.0,17,67.0000000000002,145.0,12.937271076567898,51.35707247505279,47.383289856128584,30.588897574724605,False,,,,,,,,,,,,,,,,
52952a3c7ec2,v6_formal_v22,runs/v4r_s2/v4_pilot/supervised/final_nets.pt,cons,2.0,8,150.0000000000002,140.5,20.460110512194376,87.33243398438863,88.98440269672854,59.550210036936036,True,28,20,7.576964895594968,19.712196881089312,fallback,9.30954293408864,9.390938714941704,-0.14637255151925999,later_highspeed,14.07624183832013,stop_distance_infeasible,False,feasible,True,feasible,True
52d17b278106,v6_formal_v22,runs/v4r_s2/v4_pilot/supervised/final_nets.pt,early,4.0,5,,139.0,22.22222222222222,111.14631538681886,103.82916090223523,70.94749510023328,False,,,,,,,,,,,,,,,,
5309da48bcaa,v6_formal_v22,constant,cons,3.0,13,100.0000000000002,143.0,18.236263707124966,57.56515975482038,60.88222089286389,38.373620441681204,False,,,,,,,,,,,,,,,,
5333916437a5,v6_formal_v22,runs/v4r_s2/v4_pilot/supervised/final_nets.pt,min,2.0,14,78.0000000000002,143.5,21.429948888052024,15.99913850486601,20.285375457543665,0.6188237413811208,True,16,2,18.771100587279683,66.60722801903057,fallback,15.999138504866025,16.935670204136656,-0.6623063331721966,later_highspeed,3.349705253407137,stop_distance_infeasible,False,feasible,True,feasible,True
53d1cc78bd69,v6_formal_v22,constant,cons,2.0,11,120.0000000000002,142.0,18.731704731953922,66.05863359649663,88.46153027423136,60.27072406766626,True,28,17,7.576964895594968,19.712196881089312,fallback,9.30954293408864,9.390938714941704,-0.14637255151925999,later_highspeed,14.07624183832013,stop_distance_infeasible,False,feasible,True,feasible,True
546bab0b2d9b,v6_formal_v22,runs/v4r_s1/v4_pilot/supervised/final_nets.pt,min,4.0,19,56.0000000000002,146.0,14.206462098492516,30.886131078302043,33.19362065859879,17.611851114989648,True,39,20,0.06361282134503021,7.193493988769205,fallback,7.209397194105324,7.0564059277965,-0.008132512516473497,terminal,13.998052504693987,stop_distance_infeasible,False,feasible,True,feasible,True
55360cab1af1,v6_formal_v22,runs/v4r_s1/v4_pilot/supervised/final_nets.pt,min,4.0,20,44.0000000000002,146.5,14.226463525949253,22.42026694254244,28.37708212271238,13.314148450038829,True,38,18,0.051760103855829076,9.695495439062597,fallback,9.708435465026726,7.049057776090326,-0.014400361855391244,terminal,4.3400786500506,stop_distance_infeasible,False,feasible,True,feasible,True
55b203a604a7,v6_formal_v22,runs/v4r_s1/v4_pilot/supervised/final_nets.pt,cons,3.0,15,89.0000000000002,144.0,15.022033667058711,60.90243964441953,64.48270717452294,43.574418791869775,False,,,,,,,,,,,,,,,,
569afee6e717,v6_formal_v22,runs/v4r_s2/v4_pilot/supervised/final_nets.pt,cons,3.0,21,44.0000000000002,147.0,11.279907971309445,32.18496046947818,29.178318400079675,15.955437375356276,False,,,,,,,,,,,,,,,,
575112638f3e,v6_formal_v22,runs/v4r/v4_pilot/supervised/final_nets.pt,cons,3.0,19,56.0000000000002,146.0,12.780723346157254,37.58966872713718,34.44208759674812,19.372030399460996,True,30,11,3.863477359702456,14.92461200269463,fallback,12.024549619502373,4.443566503034097,-3.01336363187753,terminal,10.095022373185657,stop_distance_infeasible,False,feasible,True,feasible,True
57a7002dc4ed,v6_formal_v22,constant,min,3.0,10,120.0000000000002,141.5,22.22222222222222,52.47270427570672,60.72769507649738,33.84354081502276,True,40,30,0.05175208758743621,5.621394895018511,fallback,5.634332916915465,7.0627602173677975,-0.0006971923412361324,terminal,11.407020233469211,stop_distance_infeasible,False,feasible,True,feasible,True
59777ac663ec,v6_formal_v22,runs/v4r/v4_pilot/supervised/final_nets.pt,min,4.0,8,150.0000000000002,140.5,21.275876296891106,88.5887551979155,89.60374751806259,60.436771723151196,True,39,31,0.06651384999905918,8.786859667914996,fallback,8.803488130414548,7.058490457776232,-0.006313472490281857,terminal,14.27647478948893,stop_distance_infeasible,False,feasible,True,feasible,True
5990cd3a33c3,v6_formal_v22,constant,min,4.0,12,100.0000000000002,142.5,22.22222222222222,33.36853760903966,38.70291233908419,15.590183821554888,True,28,16,3.5446880465832873,14.869028867282395,fallback,12.589284873588365,5.048268495641855,-2.3824099812522803,terminal,8.250379560206511,stop_distance_infeasible,False,feasible,True,feasible,True
5b5d00061ace,v6_formal_v22,constant,min,4.0,15,67.0000000000002,144.0,20.546333595281364,15.557303955799242,16.522533669459676,-1.0256716167125006,True,16,1,18.796333595281364,66.18713872984654,fallback,15.557303955799242,16.522533669459676,-1.0256716167125006,adoption_negative,0.0,stop_distance_infeasible,False,feasible,True,feasible,True
5b86a4ad0a5c,v6_formal_v22,runs/v4r/v4_pilot/supervised/final_nets.pt,min,4.0,14,89.0000000000002,143.5,18.419372124396936,43.54133839164153,46.74556176294956,25.864205424961114,True,39,25,0.05586479068134209,8.737125512034709,fallback,8.751091709705232,7.058818416428888,-0.005013036736361429,terminal,10.270753563192557,stop_distance_infeasible,False,feasible,True,feasible,True
5ccf7824a4b5,v6_formal_v22,runs/v4r_s1/v4_pilot/supervised/final_nets.pt,min,4.0,14,89.0000000000002,143.5,15.98247299922837,61.5693324755548,67.96810687928146,46.150419830743814,False,,,,,,,,,,,,,,,,
5d1989713b7f,v6_formal_v22,runs/v4r_s1/v4_pilot/supervised/final_nets.pt,cons,3.0,16,78.0000000000002,144.5,14.72863140875197,54.27627367705128,50.11967577460997,31.48756714718145,False,,,,,,,,,,,,,,,,
5e015014c0f2,v6_formal_v22,runs/v4r/v4_pilot/supervised/final_nets.pt,min,3.0,8,150.0000000000002,140.5,21.47222222222222,85.80603760904046,86.81121263292098,57.65307240464949,False,,,,,,,,,,,,,,,,
5e491a1200a0,v6_formal_v22,runs/v4r_s2/v4_pilot/supervised/final_nets.pt,cons,4.0,14,89.0000000000002,143.5,16.213833899514896,60.73012664870984,67.22312989477436,45.482822528385654,False,,,,,,,,,,,,,,,,
60732680fd4a,v6_formal_v22,runs/v4r/v4_pilot/supervised/final_nets.pt,min,4.0,18,56.0000000000002,145.5,16.764312061455307,19.202924895643463,18.894330721816118,3.8786410760112062,True,37,19,0.05376173243505522,7.758510659361946,fallback,7.771951092470511,7.054749036037228,-0.00889104095599861,terminal,7.119559239642058,stop_distance_infeasible,False,feasible,True,feasible,True
60cd76267a20,v6_formal_v22,runs/v4r_s2/v4_pilot/supervised/final_nets.pt,cons,3.0,16,78.0000000000002,144.5,13.811682843396,55.126904934690856,48.966135080039265,31.49670511199578,False,,,,,,,,,,,,,,,,
611e34aa649e,v6_formal_v22,runs/v4r/v4_pilot/supervised/final_nets.pt,cons,4.0,17,67.0000000000002,145.0,13.634190625403432,50.32934504239899,47.125946149707154,30.048414852009017,True,40,23,0.051603666856303576,7.84692417970291,fallback,7.85982509641719,7.050565379005519,-0.012878548030565956,terminal,10.076464546617899,stop_distance_infeasible,False,feasible,True,feasible,True
62a00afc6ec5,v6_formal_v22,runs/v4r_s1/v4_pilot/supervised/final_nets.pt,cons,2.0,15,89.0000000000002,144.0,14.964552422439393,58.55516448312273,60.40509269007959,39.79662646063661,True,31,16,4.721139090881549,13.43045163214174,fallback,10.164695618906595,7.7919093922553095,-0.24539668674139037,terminal,7.070172721367271,stop_distance_infeasible,False,feasible,True,feasible,True
62f6cca10f52,v6_formal_v22,runs/v4r_s1/v4_pilot/supervised/final_nets.pt,cons,4.0,18,67.0000000000002,145.5,13.628575072836798,46.656025532157045,47.974733383307395,30.57807754859682,True,40,22,0.05172025821846393,7.338215615634908,fallback,7.351145680189472,7.049452827187577,-0.014001691019359101,terminal,6.366990510762207,stop_distance_infeasible,False,feasible,True,feasible,True
63ac6fa2f4e6,v6_formal_v22,runs/v4r_s1/v4_pilot/supervised/final_nets.pt,early,3.0,5,,139.0,22.22222222222222,108.02825983126328,100.71110534667966,67.82943954467771,True,30,25,3.864733816907184,14.851173716966514,fallback,11.950807072475287,4.445576550518867,-3.011794965000716,terminal,12.793654202336711,stop_distance_infeasible,False,feasible,True,feasible,True
653bcdeafddb,v6_formal_v22,runs/v4r/v4_pilot/supervised/final_nets.pt,min,4.0,11,120.0000000000002,142.0,18.43683852089776,74.97857463120664,98.66536808222452,70.56530253468385,True,40,29,0.06251916066354934,8.123150273117972,fallback,8.138780063283656,7.055654090050812,-0.008784373170358947,terminal,13.856193802429061,stop_distance_infeasible,False,feasible,True,feasible,True
6619ed2dcc4b,v6_formal_v22,constant,min,4.0,13,89.0000000000002,143.0,22.22222222222222,22.25742649792835,27.723061015646692,6.257310196633014,False,,,,,,,,,,,,,,,,
662725f9e91a,v6_formal_v22,runs/v4r_s1/v4_pilot/supervised/final_nets.pt,cons,3.0,21,44.0000000000002,147.0,11.987208173864218,32.84393115223241,47.85896661716483,31.350599001299877,False,,,,,,,,,,,,,,,,
680e17d48fc0,v6_formal_v22,runs/v4r/v4_pilot/supervised/final_nets.pt,min,3.0,15,78.0000000000002,144.0,18.323979270851446,32.30956392146747,27.872756690069437,9.568489913129724,False,,,,,,,,,,,,,,,,
687af60eeb89,v6_formal_v22,runs/v4r/v4_pilot/supervised/final_nets.pt,early,2.0,5,,139.0,22.22222222222222,101.66020427570773,94.3430497911241,61.461383989122155,True,31,26,3.5900259964822503,13.078180711079767,fallback,9.904193741655044,5.023634539436353,-2.5408856366289534,terminal,12.802900522139225,stop_distance_infeasible,False,feasible,True,feasible,True
69e12cbb14ad,v6_formal_v22,runs/v4r/v4_pilot/supervised/final_nets.pt,min,3.0,16,67.0000000000002,144.5,17.8014139060138,29.589307934395322,25.477502686187634,8.479187855901849,True,29,13,3.9458005192592136,12.911767049507034,fallback,10.12180502765651,6.818193185139069,-0.9812936271767736,terminal,5.0761344826410095,stop_distance_infeasible,False,feasible,True,feasible,True
6c020d641e0d,v6_formal_v22,runs/v4r_s1/v4_pilot/supervised/final_nets.pt,cons,3.0,20,56.0000000000002,146.5,12.547488518455976,36.937679490341225,39.17233895233181,23.660976610946097,False,,,,,,,,,,,,,,,,
6c4460033ee8,v6_formal_v22,constant,cons,4.0,13,100.0000000000002,143.0,17.919600360704724,60.94023595805835,64.11681573414657,41.59396810349604,False,,,,,,,,,,,,,,,,
6d57d858d6c6,v6_formal_v22,runs/v4r/v4_pilot/supervised/final_nets.pt,cons,4.0,19,56.0000000000002,146.0,12.766698912343104,38.92160329873745,35.380467903473914,20.32242507016821,True,40,21,0.05160372776799105,7.848426571734308,fallback,7.861327503676304,7.050564812934767,-0.01287911963435269,terminal,10.076464546617899,stop_distance_infeasible,False,feasible,True,feasible,True
6f56e3ff3606,v6_formal_v22,runs/v4r_s2/v4_pilot/supervised/final_nets.pt,cons,3.0,8,150.0000000000002,140.5,20.619876664698335,89.11163913841033,90.65908762949958,61.228158316357636,False,,,,,,,,,,,,,,,,
7010734b8bf0,v6_formal_v22,constant,min,4.0,8,150.0000000000002,140.5,22.22222222222222,77.81298205348492,78.78065707736545,49.65626684909395,True,39,31,0.07001022068543361,9.212041048730498,fallback,9.229543603902016,7.061265389907419,-0.0038590774051926804,terminal,14.123357673191549,stop_distance_infeasible,False,feasible,True,feasible,True
705b45ae7029,v6_formal_v22,runs/v4r/v4_pilot/supervised/final_nets.pt,min,2.0,13,100.0000000000002,143.0,18.358921124806834,45.56689031710679,49.87402097175764,27.57741249705267,False,,,,,,,,,,,,,,,,
734ec2007b80,v6_formal_v22,constant,cons,2.0,14,89.0000000000002,143.5,17.8977666548154,48.99032968340515,51.52304618057286,30.508582532104427,True,28,14,7.576964895594968,19.712196881089312,fallback,9.30954293408864,9.390938714941704,-0.14637255151925999,later_highspeed,10.220794920568096,stop_distance_infeasible,False,feasible,True,feasible,True
74f51308b711,v6_formal_v22,runs/v4r_s1/v4_pilot/supervised/final_nets.pt,min,3.0,17,67.0000000000002,145.0,14.861898614300621,40.67969885601724,38.59270077840438,21.620481740736047,False,,,,,,,,,,,,,,,,
76ebb6586c47,v6_formal_v22,runs/v4r_s1/v4_pilot/supervised/final_nets.pt,cons,4.0,22,44.0000000000002,147.5,11.499322331789804,30.160133597364652,35.76876728084329,21.52788332840417,True,40,18,0.05172025821846393,7.338215615634908,fallback,7.351145680189472,7.049452827187577,-0.014001691019359101,terminal,6.366990510762207,stop_distance_infeasible,False,feasible,True,feasible,True
771bcea3ae39,v6_formal_v22,runs/v4r/v4_pilot/supervised/final_nets.pt,cons,4.0,8,150.0000000000002,140.5,20.192633608727295,96.01427957220889,97.48655797944352,68.03247657131527,True,30,22,4.111476167832752,14.546284289026971,fallback,12.254941966756794,7.655057176531026,-0.1927008789161313,terminal,15.504339267311934,stop_distance_infeasible,False,feasible,True,feasible,True
787a3feb606f,v6_formal_v22,constant,cons,2.0,13,100.0000000000002,143.0,18.675746013861573,48.990329683405335,52.231528477450496,29.739285759375036,True,28,15,7.576964895594968,19.712196881089312,fallback,9.30954293408864,9.390938714941704,-0.14637255151925999,later_highspeed,10.220794920568096,stop_distance_infeasible,False,feasible,True,feasible,True
79aa14710e9f,v6_formal_v22,constant,early,4.0,5,,139.0,22.22222222222222,111.14631538681886,103.82916090223523,70.94749510023328,False,,,,,,,,,,,,,,,,
7c245f043ef4,v6_formal_v22,runs/v4r/v4_pilot/supervised/final_nets.pt,min,2.0,11,120.0000000000002,142.0,18.883184446228874,69.85167315031998,94.02819735061112,65.97183799607888,True,30,19,3.9034510279305064,14.570207200210916,fallback,11.3070260616365,3.9158393822783406,-3.5193975229443772,terminal,15.608551983083544,stop_distance_infeasible,False,feasible,True,feasible,True
7c8ffd52fb39,v6_formal_v22,runs/v4r_s1/v4_pilot/supervised/final_nets.pt,min,3.0,14,89.0000000000002,143.5,16.1127875579728,59.23874692545188,66.19625126179317,44.403165111222066,True,31,17,3.4680072848349086,14.0251671061028,fallback,11.341861328862343,5.90488886131348,-1.709065880832239,terminal,12.66342260101601,stop_distance_infeasible,False,feasible,True,feasible,True
7caa50a3d3c5,v6_formal_v22,runs/v4r_s1/v4_pilot/supervised/final_nets.pt,min,2.0,18,56.0000000000002,145.5,14.624965554310215,30.22534342139899,30.714194212267998,14.669595081494421,True,30,12,4.918650558609872,13.104755556296823,fallback,8.796871276934702,7.095378860961305,-1.007353919026424,terminal,9.272939152075196,stop_distance_infeasible,False,feasible,True,feasible,True
7e3e75460f0e,v6_formal_v22,runs/v4r_s2/v4_pilot/supervised/final_nets.pt,cons,4.0,8,150.0000000000002,140.5,20.622573912962945,90.85499592138123,92.30577731340392,62.871043218966285,False,,,,,,,,,,,,,,,,
7f9a2c367f2a,v6_formal_v22,runs/v4r_s2/v4_pilot/supervised/final_nets.pt,cons,2.0,13,100.0000000000002,143.0,18.675746013861573,48.990329683405335,52.231528477450496,29.739285759375036,True,28,15,7.576964895594968,19.712196881089312,fallback,9.30954293408864,9.390938714941704,-0.14637255151925999,later_highspeed,10.220794920568096,stop_distance_infeasible,False,feasible,True,feasible,True
806e6632dce4,v6_formal_v22,runs/v4r/v4_pilot/supervised/final_nets.pt,cons,2.0,16,78.0000000000002,144.5,14.537689500676695,52.448577112701955,49.20280484798637,31.13700231136291,True,30,14,4.576651345740611,14.201987905071746,fallback,10.939649582124792,7.4304176140114695,-0.5602718965068867,terminal,9.724675520412802,stop_distance_infeasible,False,feasible,True,feasible,True
81a59eb04eb0,v6_formal_v22,constant,min,4.0,18,44.0000000000002,145.5,16.271187935126843,10.43931867160984,11.892482214717432,-1.586941973700803,True,19,1,14.521187935126843,40.711570412117,fallback,10.43931867160984,11.892482214717432,-1.586941973700803,adoption_negative,0.0,stop_distance_infeasible,False,feasible,True,feasible,True
81ac89bf1040,v6_formal_v22,constant,cons,2.0,21,44.0000000000002,147.0,11.527275523012849,27.07249072313632,25.45772143536677,12.289616227714518,True,28,7,7.576964895594968,19.712196881089312,fallback,9.30954293408864,9.390938714941704,-0.14637255151925999,later_highspeed,3.6576009631335182,stop_distance_infeasible,False,feasible,True,feasible,True
81d6e6fb4871,v6_formal_v22,runs/v4r_s1/v4_pilot/supervised/final_nets.pt,cons,4.0,11,120.0000000000002,142.0,16.540121252088387,88.56796984310265,112.89453615220063,84.08176933725755,False,,,,,,,,,,,,,,,,
833c18f3d5c8,v6_formal_v22,runs/v4r_s2/v4_pilot/supervised/final_nets.pt,min,4.0,14,78.0000000000002,143.5,21.848852921018583,16.000116302464335,20.042394382565107,0.442812347065626,True,16,2,18.72602932433526,66.24013978531639,fallback,16.00011630246412,16.968888514898097,-0.5825050201700748,later_highspeed,3.0735058676668814,stop_distance_infeasible,False,feasible,True,feasible,True
83fabd84de17,v6_formal_v22,runs/v4r_s1/v4_pilot/supervised/final_nets.pt,early,2.0,5,,139.0,22.22222222222222,101.66020427570773,94.3430497911241,61.461383989122155,False,,,,,,,,,,,,,,,,
8617981e2bcb,v6_formal_v22,runs/v4r_s1/v4_pilot/supervised/final_nets.pt,cons,4.0,15,89.0000000000002,144.0,15.021559084205467,62.275821878679835,65.48582382145202,44.57479371190186,True,31,16,3.973549646737178,13.09746923076591,fallback,10.301856235463333,5.682663457253303,-1.9527192341353858,terminal,7.752509780333639,stop_distance_infeasible,False,feasible,True,feasible,True
889f8cecef70,v6_formal_v22,runs/v4r/v4_pilot/supervised/final_nets.pt,cons,2.0,14,89.0000000000002,143.5,16.249840324862976,60.368818566295054,66.36521382336193,44.585271421555625,True,30,16,4.576651345740611,14.201987905071746,fallback,10.939649582124792,7.4304176140114695,-0.5602718965068867,terminal,9.724675520412802,stop_distance_infeasible,False,feasible,True,feasible,True
897d6b8a2d46,v6_formal_v22,runs/v4r/v4_pilot/supervised/final_nets.pt,min,4.0,19,44.0000000000002,146.0,16.023184026099948,15.32428382344824,21.41031481835641,6.664962500524524,True,27,8,3.507271598265879,14.86509621129835,fallback,12.623314858331733,6.192651964656221,-1.4011834028571553,terminal,6.752535796976645,stop_distance_infeasible,False,feasible,True,feasible,True
89fa23d11cb9,v6_formal_v22,constant,min,2.0,16,56.0000000000002,144.5,18.76884543598667,15.790717178579449,22.05134283770483,5.124968927360101,True,26,10,3.5817233496417566,13.992757024992443,fallback,10.995289802078947,6.123318744322193,-1.574952866025237,terminal,4.334588281305514,stop_distance_infeasible,False,feasible,True,feasible,True
8b667e2489ed,v6_formal_v22,runs/v4r_s2/v4_pilot/supervised/final_nets.pt,cons,4.0,16,78.0000000000002,144.5,14.053286049915608,54.72092129034414,49.568081795328524,31.872772896079876,False,,,,,,,,,,,,,,,,
8c4e5e54ebaf,v6_formal_v22,runs/v4r_s2/v4_pilot/supervised/final_nets.pt,cons,4.0,19,56.0000000000002,146.0,12.583116224040495,39.19781718503332,40.5593852269619,24.864728878824053,False,,,,,,,,,,,,,,,,
8c8573cd41b9,v6_formal_v22,runs/v4r/v4_pilot/supervised/final_nets.pt,cons,2.0,17,67.0000000000002,145.0,13.67913166551877,47.9458157704236,45.44111252676162,28.322280430712446,True,30,13,4.576651345740611,14.201987905071746,fallback,10.939649582124792,7.4304176140114695,-0.5602718965068867,terminal,9.724675520412802,stop_distance_infeasible,False,feasible,True,feasible,True
8e1bc8042fa0,v6_formal_v22,runs/v4r/v4_pilot/supervised/final_nets.pt,min,3.0,13,100.0000000000002,143.0,18.39921877088232,50.25734569216495,54.121213464512024,31.81760558388045,False,,,,,,,,,,,,,,,,
92ff8a33cbc2,v6_formal_v22,constant,min,2.0,15,67.0000000000002,144.0,20.3850843284468,15.380314764663837,16.31425399089973,-1.281389320677846,True,16,1,18.76884543598667,66.58186707650611,fallback,15.380314764663837,16.31425399089973,-1.281389320677846,adoption_negative,0.0,stop_distance_infeasible,False,feasible,True,feasible,True
9335e686384e,v6_formal_v22,runs/v4r_s2/v4_pilot/supervised/final_nets.pt,cons,2.0,19,56.0000000000002,146.0,12.0950480946451,36.24380372846355,39.01202386663611,23.396045973768167,True,28,9,7.576964895594968,19.712196881089312,fallback,9.30954293408864,9.390938714941704,-0.14637255151925999,later_highspeed,3.6576009631335182,stop_distance_infeasible,False,feasible,True,feasible,True
94e1e8e0ce87,v6_formal_v22,runs/v4r_s2/v4_pilot/supervised/final_nets.pt,min,2.0,8,150.0000000000002,140.5,22.22222222222222,68.32687094237379,69.29454596625432,40.170155737982824,False,,,,,,,,,,,,,,,,
9611efc459cf,v6_formal_v22,constant,cons,2.0,15,78.0000000000002,144.0,16.619787295769225,48.99032968340497,41.302251260004745,23.115315122768457,True,28,13,7.576964895594968,19.712196881089312,fallback,9.30954293408864,9.390938714941704,-0.14637255151925999,later_highspeed,4.573071566823273,stop_distance_infeasible,False,feasible,True,feasible,True
99bce1c256d1,v6_formal_v22,constant,cons,2.0,17,67.0000000000002,145.0,13.44487422872785,47.68998195157059,45.974769438608945,29.134562269158184,True,28,11,7.576964895594968,19.712196881089312,fallback,9.30954293408864,9.390938714941704,-0.14637255151925999,later_highspeed,3.6576009631335182,stop_distance_infeasible,False,feasible,True,feasible,True
9a736af55ef8,v6_formal_v22,runs/v4r_s1/v4_pilot/supervised/final_nets.pt,cons,3.0,8,150.0000000000002,140.5,19.802946245164637,98.62103862504348,100.20933363710971,70.74164245508875,False,,,,,,,,,,,,,,,,
9ad22a7357bd,v6_formal_v22,runs/v4r_s2/v4_pilot/supervised/final_nets.pt,min,4.0,15,67.0000000000002,144.0,20.546333595281364,15.557303955799242,16.522533669459676,-1.0256716167125006,True,16,1,18.796333595281364,66.18713872984654,fallback,15.557303955799242,16.522533669459676,-1.0256716167125006,adoption_negative,0.0,stop_distance_infeasible,False,feasible,True,feasible,True
9bb90cb3822a,v6_formal_v22,runs/v4r/v4_pilot/supervised/final_nets.pt,cons,3.0,8,150.0000000000002,140.5,20.301464935631518,93.059223156948,94.62259223449085,65.1773343935409,True,31,23,3.584136558076626,13.103770704027284,fallback,10.613958871489556,5.697729504013317,-1.864836938325066,terminal,14.163533737982561,stop_distance_infeasible,False,feasible,True,feasible,True
9df9d49612bc,v6_formal_v22,runs/v4r/v4_pilot/supervised/final_nets.pt,early,3.0,5,,139.0,22.22222222222222,108.02825983126328,100.71110534667966,67.82943954467771,True,30,25,3.4440188524277326,14.792182226706245,fallback,12.420808707492775,4.463066269753377,-2.8860261125237265,terminal,12.74760978873428,stop_distance_infeasible,False,feasible,True,feasible,True
9e9d41bef3f5,v6_formal_v22,runs/v4r/v4_pilot/supervised/final_nets.pt,cons,4.0,11,120.0000000000002,142.0,18.196617195985176,78.23906964854982,103.46820121577304,74.76766545821471,True,30,19,3.626469976881247,14.670675053351715,fallback,12.258082585733735,4.269170749862215,-3.0707039810258747,terminal,15.504270489139799,stop_distance_infeasible,False,feasible,True,feasible,True
9ff07369de96,v6_formal_v22,constant,early,2.0,5,,139.0,22.22222222222222,101.66020427570773,94.3430497911241,61.461383989122155,True,28,23,7.576964895594968,19.712196881089312,fallback,9.30954293408864,9.390938714941704,-0.14637255151925999,later_highspeed,14.07624183832013,stop_distance_infeasible,False,feasible,True,feasible,True
a17d7ae24258,v6_formal_v22,runs/v4r_s1/v4_pilot/supervised/final_nets.pt,min,3.0,20,44.0000000000002,146.5,14.172577158289236,20.12518056502722,26.508342283730954,11.510320683028233,False,,,,,,,,,,,,,,,,
a31b69d905fa,v6_formal_v22,runs/v4r_s2/v4_pilot/supervised/final_nets.pt,min,4.0,18,44.0000000000002,145.5,16.271187935126843,10.43931867160984,11.892482214717432,-1.586941973700803,True,19,1,14.521187935126843,40.711570412117,fallback,10.43931867160984,11.892482214717432,-1.586941973700803,adoption_negative,0.0,stop_distance_infeasible,False,feasible,True,feasible,True
a59ca54b0554,v6_formal_v22,constant,cons,2.0,8,150.0000000000002,140.5,20.460110512194376,87.33243398438863,88.98440269672854,59.550210036936036,True,28,20,7.576964895594968,19.712196881089312,fallback,9.30954293408864,9.390938714941704,-0.14637255151925999,later_highspeed,14.07624183832013,stop_distance_infeasible,False,feasible,True,feasible,True
a6d1cb655627,v6_formal_v22,runs/v4r_s1/v4_pilot/supervised/final_nets.pt,min,2.0,17,67.0000000000002,145.0,14.968721179498566,36.06906230922333,32.739855706543054,16.158201932284015,False,,,,,,,,,,,,,,,,
a6e865fc6414,v6_formal_v22,runs/v4r_s1/v4_pilot/supervised/final_nets.pt,cons,4.0,20,56.0000000000002,146.5,12.639902603749322,38.04127751323351,41.96836308944387,26.159779648685426,True,40,20,0.05172025821846393,7.338215615634908,fallback,7.351145680189472,7.049452827187577,-0.014001691019359101,terminal,6.366990510762207,stop_distance_infeasible,False,feasible,True,feasible,True
a8f9fd385890,v6_formal_v22,runs/v4r_s1/v4_pilot/supervised/final_nets.pt,min,2.0,16,78.0000000000002,144.5,15.312476804686916,42.006522585625234,36.398684798940465,19.023280777875115,False,,,,,,,,,,,,,,,,
acd7a286a219,v6_formal_v22,runs/v4r_s1/v4_pilot/supervised/final_nets.pt,cons,2.0,20,56.0000000000002,146.5,12.514535900810905,35.04742919570951,37.25498825282622,21.771291019226457,False,,,,,,,,,,,,,,,,
addc36289063,v6_formal_v22,runs/v4r_s2/v4_pilot/supervised/final_nets.pt,min,3.0,8,150.0000000000002,140.5,22.22222222222222,74.69492649792934,75.66260152180988,46.53821129353838,True,30,22,4.475834163573245,14.312384856269546,fallback,11.520441036408915,7.723294292753499,-0.23549169965783712,terminal,14.038907808895146,stop_distance_infeasible,False,feasible,True,feasible,True
af904e44a3d5,v6_formal_v22,constant,min,3.0,15,67.0000000000002,144.0,20.546473213562017,15.55667650537329,16.48174233326975,-1.0698449089265267,True,16,1,18.796473213562017,66.24977917996421,fallback,15.55667650537329,16.48174233326975,-1.0698449089265267,adoption_negative,0.0,stop_distance_infeasible,False,feasible,True,feasible,True
afe769823f43,v6_formal_v22,constant,min,3.0,8,150.0000000000002,140.5,22.22222222222222,74.69492649792934,75.66260152180988,46.53821129353838,True,30,22,4.475834163573245,14.312384856269546,fallback,11.520441036408915,7.723294292753499,-0.23549169965783712,terminal,14.038907808895146,stop_distance_infeasible,False,feasible,True,feasible,True
b169f773028c,v6_formal_v22,runs/v4r_s1/v4_pilot/supervised/final_nets.pt,min,4.0,8,150.0000000000002,140.5,21.22222222222222,88.92409316459603,89.94176818847654,60.77237796020506,False,,,,,,,,,,,,,,,,
b25b6c4069cf,v6_formal_v22,runs/v4r_s2/v4_pilot/supervised/final_nets.pt,min,3.0,13,89.0000000000002,143.0,22.22222222222222,19.13937094237278,24.60500546009112,3.139254641077443,True,27,14,3.6205632527982763,13.074629405547967,fallback,10.708257180138519,6.8093284459188865,-0.8994223856518939,terminal,5.611695218953628,stop_distance_infeasible,False,feasible,True,feasible,True
b531117fa1e0,v6_formal_v22,runs/v4r_s2/v4_pilot/supervised/final_nets.pt,min,2.0,18,44.0000000000002,145.5,16.163834198369308,11.222640003492081,13.448462751108941,-0.23876974545668617,True,19,1,14.5591811269124,41.34164006483343,fallback,11.222640003492081,13.448462751108941,-0.23876974545668617,adoption_negative,0.0,stop_distance_infeasible,False,feasible,True,feasible,True
b702c0e68ab5,v6_formal_v22,runs/v4r_s2/v4_pilot/supervised/final_nets.pt,cons,3.0,13,100.0000000000002,143.0,18.236263707124966,57.56515975482038,60.88222089286389,38.373620441681204,False,,,,,,,,,,,,,,,,
b84800eca570,v6_formal_v22,runs/v4r/v4_pilot/supervised/final_nets.pt,cons,4.0,16,78.0000000000002,144.5,14.46926630162418,54.01490656927271,49.89275009147937,31.89915279678296,True,40,24,0.05160363627501008,7.846172896926873,fallback,7.859073805995556,7.050565661912282,-0.012878262345823538,terminal,10.076464546617899,stop_distance_infeasible,False,feasible,True,feasible,True
b8956cd04da4,v6_formal_v22,runs/v4r_s1/v4_pilot/supervised/final_nets.pt,cons,3.0,18,67.0000000000002,145.5,13.625636462083568,45.26989515566564,45.38013630982225,28.22328277565784,False,,,,,,,,,,,,,,,,
b95d509dffd9,v6_formal_v22,runs/v4r/v4_pilot/supervised/final_nets.pt,min,4.0,16,67.0000000000002,144.5,17.8638040153051,31.019523164775094,28.876733966378325,11.53906486850174,False,,,,,,,,,,,,,,,,
b96f69b22a9c,v6_formal_v22,constant,min,3.0,18,44.0000000000002,145.5,16.08594599317035,11.431680802233132,12.764447123890676,-0.7301084900829125,True,19,1,14.335945993170348,41.025464774914326,fallback,11.431680802233132,12.764447123890676,-0.7301084900829125,adoption_negative,0.0,stop_distance_infeasible,False,feasible,True,feasible,True
ba14a8d25280,v6_formal_v22,runs/v4r_s2/v4_pilot/supervised/final_nets.pt,cons,2.0,21,44.0000000000002,147.0,11.527275523012849,27.07249072313632,25.45772143536677,12.289616227714518,True,28,7,7.576964895594968,19.712196881089312,fallback,9.30954293408864,9.390938714941704,-0.14637255151925999,later_highspeed,3.6576009631335182,stop_distance_infeasible,False,feasible,True,feasible,True
ba20579ea032,v6_formal_v22,runs/v4r_s2/v4_pilot/supervised/final_nets.pt,min,4.0,12,100.0000000000002,142.5,22.22222222222222,33.36853760903966,38.70291233908419,15.590183821554888,True,28,16,3.5446880465832873,14.869028867282395,fallback,12.589284873588365,5.048268495641855,-2.3824099812522803,terminal,8.250379560206511,stop_distance_infeasible,False,feasible,True,feasible,True
bcc0b353f4a0,v6_formal_v22,runs/v4r/v4_pilot/supervised/final_nets.pt,cons,3.0,14,89.0000000000002,143.5,16.252478238568028,61.52828594172637,67.26972672510509,45.48687697135961,False,,,,,,,,,,,,,,,,
c27244692541,v6_formal_v22,constant,cons,3.0,19,56.0000000000002,146.0,12.541248002467874,37.95629796985246,39.19205354222166,23.532639445817985,False,,,,,,,,,,,,,,,,
c29803f60049,v6_formal_v22,runs/v4r_s2/v4_pilot/supervised/final_nets.pt,min,2.0,13,89.0000000000002,143.0,22.026662908352186,17.778353789123656,23.2537662725355,1.7792152843976794,False,,,,,,,,,,,,,,,,
c346e8665554,v6_formal_v22,runs/v4r/v4_pilot/supervised/final_nets.pt,min,2.0,15,78.0000000000002,144.0,18.203086332624984,28.181936643436103,24.188436168199473,5.879072922285076,True,29,14,3.8332483352683013,12.797560140922087,fallback,9.292775114385611,5.941167507037688,-1.8263155679188507,terminal,4.292729096164294,stop_distance_infeasible,False,feasible,True,feasible,True
c410bf31190d,v6_formal_v22,constant,cons,4.0,16,78.0000000000002,144.5,14.053286049915608,54.72092129034414,49.568081795328524,31.872772896079876,False,,,,,,,,,,,,,,,,
c82065aedf9b,v6_formal_v22,runs/v4r_s1/v4_pilot/supervised/final_nets.pt,min,4.0,16,78.0000000000002,144.5,15.119266441298855,48.88421094840578,45.71337961155223,27.654213744789004,True,31,15,3.468277509546634,14.01136876719329,fallback,11.711425331787412,6.2886985862138385,-1.3253435302451493,terminal,4.2593333271979645,stop_distance_infeasible,False,feasible,True,feasible,True
c87e3d03b9ac,v6_formal_v22,runs/v4r/v4_pilot/supervised/final_nets.pt,cons,3.0,21,44.0000000000002,147.0,11.155948717984108,32.49848128645772,40.973106449007446,25.93762450051251,True,30,9,4.33868186213582,14.280354694421021,fallback,11.837129640156896,7.865292849210796,-0.05091421343549207,terminal,7.890138524457143,stop_distance_infeasible,False,feasible,True,feasible,True
c92275ad9e56,v6_formal_v22,runs/v4r_s2/v4_pilot/supervised/final_nets.pt,min,3.0,10,120.0000000000002,141.5,22.22222222222222,52.47270427570672,60.72769507649738,33.84354081502276,True,40,30,0.05175208758743621,5.621394895018511,fallback,5.634332916915465,7.0627602173677975,-0.0006971923412361324,terminal,11.407020233469211,stop_distance_infeasible,False,feasible,True,feasible,True
ca5702fa9d71,v6_formal_v22,constant,cons,4.0,19,56.0000000000002,146.0,12.583116224040495,39.19781718503332,40.5593852269619,24.864728878824053,False,,,,,,,,,,,,,,,,
cabf4c006828,v6_formal_v22,runs/v4r_s2/v4_pilot/supervised/final_nets.pt,cons,4.0,17,67.0000000000002,145.0,13.446942079418173,49.732530029365606,46.19925120501806,29.292266760019253,False,,,,,,,,,,,,,,,,
cd75722fa309,v6_formal_v22,runs/v4r_s2/v4_pilot/supervised/final_nets.pt,min,2.0,15,67.0000000000002,144.0,20.3850843284468,15.380314764663837,16.31425399089973,-1.281389320677846,True,16,1,18.76884543598667,66.58186707650611,fallback,15.380314764663837,16.31425399089973,-1.281389320677846,adoption_negative,0.0,stop_distance_infeasible,False,feasible,True,feasible,True
cd7de1a99ebf,v6_formal_v22,runs/v4r_s1/v4_pilot/supervised/final_nets.pt,cons,2.0,21,44.0000000000002,147.0,11.967575066453357,31.073400349189534,46.12785253096987,29.63520048994298,False,,,,,,,,,,,,,,,,
ceee1448ed9e,v6_formal_v22,runs/v4r/v4_pilot/supervised/final_nets.pt,min,3.0,11,120.0000000000002,142.0,18.633184446228874,73.21088278054441,97.11310698083554,69.03226762630331,False,,,,,,,,,,,,,,,,
d04f03708aae,v6_formal_v22,constant,cons,4.0,14,89.0000000000002,143.5,16.213833899514896,60.73012664870984,67.22312989477436,45.482822528385654,False,,,,,,,,,,,,,,,,
d21ddb970e79,v6_formal_v22,runs/v4r/v4_pilot/supervised/final_nets.pt,min,2.0,16,67.0000000000002,144.5,17.716745355373455,26.80829036084498,23.100211477841597,6.095028681392186,True,28,12,4.044227917876372,14.707550187705237,fallback,11.284810607972492,4.949900542557637,-2.674937569626622,terminal,6.28577721642705,stop_distance_infeasible,False,feasible,True,feasible,True
d5fa551be11c,v6_formal_v22,runs/v4r/v4_pilot/supervised/final_nets.pt,cons,4.0,14,89.0000000000002,143.5,16.331599945816713,61.47150998369247,67.55967571232367,45.68939439204884,True,40,26,0.05160270197189454,7.835469120341713,fallback,7.848369795834575,7.050574331113413,-0.012869508275300333,terminal,10.07461868556993,stop_distance_infeasible,False,feasible,True,feasible,True
d7e8325cb1e8,v6_formal_v22,runs/v4r/v4_pilot/supervised/final_nets.pt,cons,3.0,11,120.0000000000002,142.0,18.36550877587498,75.14733368791491,97.35607908366984,69.14537522720221,False,,,,,,,,,,,,,,,,
dac17bf9c3e8,v6_formal_v22,runs/v4r/v4_pilot/supervised/final_nets.pt,cons,2.0,21,44.0000000000002,147.0,11.324416135193331,31.392518672755166,41.168849546495224,25.98849581051379,True,30,9,4.576651345740611,14.201987905071746,fallback,10.939649582124792,7.4304176140114695,-0.5602718965068867,terminal,8.82498289612704,stop_distance_infeasible,False,feasible,True,feasible,True
dae74382475f,v6_formal_v22,runs/v4r/v4_pilot/supervised/final_nets.pt,cons,4.0,13,100.0000000000002,143.0,17.47033486115017,63.58342780448402,67.07458996687495,44.32628662627491,True,40,27,0.05160268614675578,7.834872509417892,fallback,7.847773180954471,7.050574478053545,-0.01286935989764805,terminal,10.074649657974987,stop_distance_infeasible,False,feasible,True,feasible,True
db22facefbd2,v6_formal_v22,constant,min,2.0,18,44.0000000000002,145.5,16.163834198369308,11.222640003492081,13.448462751108941,-0.23876974545668617,True,19,1,14.5591811269124,41.34164006483343,fallback,11.222640003492081,13.448462751108941,-0.23876974545668617,adoption_negative,0.0,stop_distance_infeasible,False,feasible,True,feasible,True
dd06ca9ca8dd,v6_formal_v22,constant,min,3.0,16,56.0000000000002,144.5,18.796473213562017,15.55667650537309,21.964877450242597,5.066180431517537,False,,,,,,,,,,,,,,,,
dfb48f450409,v6_formal_v22,runs/v4r_s1/v4_pilot/supervised/final_nets.pt,min,4.0,17,67.0000000000002,145.0,14.814998327030075,42.769851270532854,40.44638764310706,23.382651548742047,True,40,23,0.055407729185877,8.05597000739408,fallback,8.06982193969051,7.0579326544719505,-0.00585718759370954,terminal,7.634053911493993,stop_distance_infeasible,False,feasible,True,feasible,True
e37da99e3f5b,v6_formal_v22,runs/v4r/v4_pilot/supervised/final_nets.pt,min,2.0,18,56.0000000000002,145.5,16.55670755260831,17.247000223161407,16.681905810659238,1.7823678129252656,True,28,10,3.7511672049858316,14.544777670615531,fallback,12.363252472877676,7.4695378737282505,-0.2750085283862971,terminal,6.773327741012508,stop_distance_infeasible,False,feasible,True,feasible,True
e54d126a4a2d,v6_formal_v22,constant,cons,3.0,16,78.0000000000002,144.5,13.811682843396,55.126904934690856,48.966135080039265,31.49670511199578,False,,,,,,,,,,,,,,,,
e7e2b916bb85,v6_formal_v22,constant,cons,3.0,8,150.0000000000002,140.5,20.619876664698335,89.11163913841033,90.65908762949958,61.228158316357636,False,,,,,,,,,,,,,,,,
eb7fd2f91e58,v6_formal_v22,runs/v4r_s1/v4_pilot/supervised/final_nets.pt,cons,3.0,14,100.0000000000002,143.5,15.435155892611508,66.65768701934968,77.99588597803364,54.78176327260573,False,,,,,,,,,,,,,,,,
ec8ac44ff890,v6_formal_v22,runs/v4r_s2/v4_pilot/supervised/final_nets.pt,min,3.0,18,44.0000000000002,145.5,16.08594599317035,11.431680802233132,12.764447123890676,-0.7301084900829125,True,19,1,14.335945993170348,41.025464774914326,fallback,11.431680802233132,12.764447123890676,-0.7301084900829125,adoption_negative,0.0,stop_distance_infeasible,False,feasible,True,feasible,True
f098e9c14848,v6_formal_v22,runs/v4r/v4_pilot/supervised/final_nets.pt,min,4.0,13,100.0000000000002,143.0,18.425194256563877,52.72045825996376,56.23461518829136,33.925097577463916,True,39,26,0.07403452919819031,7.243856575572863,fallback,7.262365207872618,7.064464507541205,-0.0010296596111012274,terminal,15.18037715679884,stop_distance_infeasible,False,feasible,True,feasible,True
f0b3a0d97f81,v6_formal_v22,runs/v4r/v4_pilot/supervised/final_nets.pt,cons,2.0,19,56.0000000000002,146.0,12.664507989365811,36.11328887440095,37.697823918869304,21.934302598818213,True,30,11,4.576651345740611,14.201987905071746,fallback,10.939649582124792,7.4304176140114695,-0.5602718965068867,terminal,9.724675520412802,stop_distance_infeasible,False,feasible,True,feasible,True
f225a4a2ed86,v6_formal_v22,constant,min,4.0,10,120.0000000000002,141.5,22.22222222222222,55.59075983126229,63.845750632052955,36.961596370578334,True,39,29,0.06491815913997101,7.2291493415768855,fallback,7.245378881362009,7.0573034674199455,-0.007354379413071599,terminal,11.018329408419959,stop_distance_infeasible,False,feasible,True,feasible,True
f85ebe4be78d,v6_formal_v22,constant,cons,3.0,11,120.0000000000002,142.0,18.91237131274578,67.53450403230832,89.90560115933346,61.72462268331325,False,,,,,,,,,,,,,,,,
f8e144979c78,v6_formal_v22,constant,min,2.0,12,100.0000000000002,142.5,22.22222222222222,23.882426497928535,29.216801227973065,6.104072710443759,False,,,,,,,,,,,,,,,,
fa29c0d2d733,v6_formal_v22,runs/v4r_s2/v4_pilot/supervised/final_nets.pt,cons,2.0,17,67.0000000000002,145.0,13.44487422872785,47.68998195157059,45.974769438608945,29.134562269158184,True,28,11,7.576964895594968,19.712196881089312,fallback,9.30954293408864,9.390938714941704,-0.14637255151925999,later_highspeed,3.6576009631335182,stop_distance_infeasible,False,feasible,True,feasible,True
fadb80877357,v6_formal_v22,constant,min,2.0,14,78.0000000000002,143.5,21.429948888052024,15.99913850486601,20.285375457543665,0.6188237413811208,True,16,2,18.771100587279683,66.60722801903057,fallback,15.999138504866025,16.935670204136656,-0.6623063331721966,later_highspeed,3.349705253407137,stop_distance_infeasible,False,feasible,True,feasible,True
fbde62e32451,v6_formal_v22,runs/v4r_s2/v4_pilot/supervised/final_nets.pt,cons,2.0,11,120.0000000000002,142.0,18.731704731953922,66.05863359649663,88.46153027423136,60.27072406766626,True,28,17,7.576964895594968,19.712196881089312,fallback,9.30954293408864,9.390938714941704,-0.14637255151925999,later_highspeed,14.07624183832013,stop_distance_infeasible,False,feasible,True,feasible,True
fc7c6c94b061,v6_formal_v22,runs/v4r/v4_pilot/supervised/final_nets.pt,min,3.0,14,89.0000000000002,143.5,18.361599020866883,41.27404986931235,44.840138148918314,23.959727859388536,False,,,,,,,,,,,,,,,,
fcd6e810b3f7,v6_formal_v22,runs/v4r/v4_pilot/supervised/final_nets.pt,min,4.0,15,78.0000000000002,144.0,18.413549992229996,34.36512958940277,29.573899393630583,11.273095670077709,False,,,,,,,,,,,,,,,,
fcd7502e8d6b,v6_formal_v22,constant,min,2.0,8,150.0000000000002,140.5,22.22222222222222,68.32687094237379,69.29454596625432,40.170155737982824,False,,,,,,,,,,,,,,,,
fcfa60694ec9,v6_formal_v22,runs/v4r_s2/v4_pilot/supervised/final_nets.pt,cons,2.0,14,89.0000000000002,143.5,17.8977666548154,48.99032968340515,51.52304618057286,30.508582532104427,True,28,14,7.576964895594968,19.712196881089312,fallback,9.30954293408864,9.390938714941704,-0.14637255151925999,later_highspeed,10.220794920568096,stop_distance_infeasible,False,feasible,True,feasible,True
fd418fdb9bc1,v6_formal_v22,runs/v4r_s1/v4_pilot/supervised/final_nets.pt,cons,3.0,11,120.0000000000002,142.0,16.6745225692699,87.55089571988167,112.14501272244182,83.33016348347074,False,,,,,,,,,,,,,,,,
fd859b490db7,v6_formal_v22,runs/v4r_s2/v4_pilot/supervised/final_nets.pt,cons,2.0,15,78.0000000000002,144.0,16.619787295769225,48.99032968340497,41.302251260004745,23.115315122768457,True,28,13,7.576964895594968,19.712196881089312,fallback,9.30954293408864,9.390938714941704,-0.14637255151925999,later_highspeed,4.573071566823273,stop_distance_infeasible,False,feasible,True,feasible,True
ffb77cae7081,v6_formal_v22,runs/v4r/v4_pilot/supervised/final_nets.pt,min,3.0,19,44.0000000000002,146.0,15.814397114070339,15.787525268465288,21.630866033439005,6.952495313525688,True,27,8,3.893840516740031,14.548679091876693,fallback,11.525417036520441,5.756795685753304,-1.917876014168633,terminal,6.618145536731845,stop_distance_infeasible,False,feasible,True,feasible,True
013810b0d452,v6_formal_v16,constant,min,3.0,20,78.0,151.5,16.0,43.32687094238054,35.72740583204188,18.021419957235594,True,34,14,3.9284965411088892,14.580147467329425,fallback,11.859780325567018,5.422773164809971,-2.1589601217590513,terminal,7.621275595665793,stop_distance_infeasible,False,feasible,True,feasible,True
01ed7776a8aa,v6_formal_v16,runs/v4r_s1/v4_pilot/supervised/final_nets.pt,min,2.0,23,78.0,153.0,12.38837748579681,52.198062764372935,52.37463792286789,34.2370424549503,True,37,14,5.390145599621885,12.354542537492307,fallback,7.185095574509935,7.1970721854119155,-1.0697978780452395,later_highspeed,5.85932380486156,stop_distance_infeasible,False,feasible,True,feasible,True
023a4e4b3b34,v6_formal_v16,constant,cons,2.0,19,89.0,151.0,15.729522052921366,51.61868168825109,50.045189293307274,30.225164588176312,False,,,,,,,,,,,,,,,,
044d1a474adf,v6_formal_v16,runs/v4r_s1/v4_pilot/supervised/final_nets.pt,cons,2.0,16,120.0,149.5,13.085871535819024,93.24935118237909,104.54751209584924,78.0167984543802,False,,,,,,,,,,,,,,,,
05f67831784c,v6_formal_v16,runs/v4r_s1/v4_pilot/supervised/final_nets.pt,cons,2.0,28,44.0,155.5,11.811454517766837,27.42584707353661,30.01328052479404,16.239024813630266,True,37,9,4.77120969414636,12.425670973868364,fallback,6.746390939919735,5.275803682371308,-2.7779024321252344,terminal,6.7991839901542335,stop_distance_infeasible,False,feasible,True,feasible,True
05fc86753c0b,v6_formal_v16,runs/v4r_s1/v4_pilot/supervised/final_nets.pt,cons,3.0,28,44.0,155.5,11.500888352840708,30.205833892232246,32.79910506534739,19.010056233535433,False,,,,,,,,,,,,,,,,
0a10f3d7da53,v6_formal_v16,constant,min,3.0,11,150.0,147.0,16.0,115.32687094238054,120.82139465332031,90.35131045532225,False,,,,,,,,,,,,,,,,
0a59d0d47ef6,v6_formal_v16,runs/v4r_s1/v4_pilot/supervised/final_nets.pt,cons,2.0,21,89.0,152.0,12.659832818433642,63.63568413107123,65.54264740361249,45.26687794577067,True,37,16,5.393871323861054,12.37011855587798,fallback,7.239873481340702,7.236901046398071,-1.0313106550780375,later_highspeed,5.857356841751425,stop_distance_infeasible,False,feasible,True,feasible,True
0ba4ead83675,v6_formal_v16,runs/v4r_s2/v4_pilot/supervised/final_nets.pt,min,3.0,20,78.0,151.5,16.0,43.32687094238054,35.72740583204188,18.021419957235594,True,34,14,3.9284965411088892,14.580147467329425,fallback,11.859780325567018,5.422773164809971,-2.1589601217590513,terminal,7.621275595665793,stop_distance_infeasible,False,feasible,True,feasible,True
0ba633b21c9c,v6_formal_v16,runs/v4r/v4_pilot/supervised/final_nets.pt,cons,4.0,26,44.0,154.5,11.808348785558932,25.776582944120584,32.371929126310015,18.32149037902787,False,,,,,,,,,,,,,,,,
0bafa447d99a,v6_formal_v16,runs/v4r_s2/v4_pilot/supervised/final_nets.pt,min,2.0,19,89.0,151.0,16.0,46.76437094238054,45.177354650082805,25.369501452570375,False,,,,,,,,,,,,,,,,
0cbb987bd07f,v6_formal_v16,runs/v4r/v4_pilot/supervised/final_nets.pt,cons,3.0,19,89.0,151.0,15.729867379053871,55.00443226302227,53.38467735642013,33.564284764519854,False,,,,,,,,,,,,,,,,
15f00819aecc,v6_formal_v16,constant,cons,4.0,11,150.0,147.0,16.0,117.63937094238054,123.13389465332031,92.66381045532225,False,,,,,,,,,,,,,,,,
17387f13d17f,v6_formal_v16,constant,cons,4.0,21,78.0,152.0,13.494380411967896,52.87154444184529,50.02243250295727,32.594314380332946,False,,,,,,,,,,,,,,,,
17c0c29a8104,v6_formal_v16,constant,cons,3.0,19,89.0,151.0,15.729522052921366,54.95891143962756,53.38541904468375,33.56539433955279,False,,,,,,,,,,,,,,,,
181357589666,v6_formal_v16,runs/v4r/v4_pilot/supervised/final_nets.pt,cons,2.0,18,100.0,150.5,16.0,54.81317236403402,57.214697161812865,35.60124258754094,True,35,17,4.146689886605502,12.724688787744526,fallback,8.287534752465413,5.520685474661001,-2.3375107846363807,terminal,6.0614070962169535,stop_distance_infeasible,False,feasible,True,feasible,True
18d4a70699f6,v6_formal_v16,runs/v4r/v4_pilot/supervised/final_nets.pt,min,4.0,11,150.0,147.0,16.0,117.63937094238054,123.13389465332031,92.66381045532225,True,36,25,3.5897347091527783,13.184067894652344,fallback,10.41903999817066,5.691204930728836,-1.9120850965392302,terminal,7.704550990620646,stop_distance_infeasible,False,feasible,True,feasible,True
1bd9c50020f7,v6_formal_v16,runs/v4r_s1/v4_pilot/supervised/final_nets.pt,min,4.0,26,56.0,154.5,12.942223704978826,34.28157447398134,41.82241457844579,25.429872002594998,True,37,11,4.615461563969007,12.408870007108362,fallback,7.799727816694941,6.010601566426653,-1.9925060198515139,terminal,6.657073586930892,stop_distance_infeasible,False,feasible,True,feasible,True
1da7e87870bf,v6_formal_v16,runs/v4r/v4_pilot/supervised/final_nets.pt,cons,3.0,15,120.0,149.0,15.960958862677217,83.6489603252935,90.92594688968907,64.98263709307423,True,35,20,4.431993188644024,14.03691672783225,fallback,10.932925717070692,7.345656169148214,-0.5994162623923369,terminal,8.117576357058624,stop_distance_infeasible,False,feasible,True,feasible,True
2025cd90691a,v6_formal_v16,constant,cons,2.0,22,67.0,152.5,12.918088211685465,46.225124751650014,48.955270058485354,31.712555852855758,False,,,,,,,,,,,,,,,,
21ff8c680e51,v6_formal_v16,runs/v4r/v4_pilot/supervised/final_nets.pt,min,2.0,26,32.0,154.5,13.247319405428396,13.592522286635916,10.469829858590135,-0.9335117857518611,True,27,1,11.497319405428396,32.958810354278285,fallback,13.592522286635916,10.469829858590135,-0.9335117857518611,adoption_negative,0.0,stop_distance_infeasible,False,feasible,True,feasible,True
22168eb5d89a,v6_formal_v16,runs/v4r_s1/v4_pilot/supervised/final_nets.pt,min,3.0,24,67.0,153.5,12.572992892190815,46.10360595293758,51.03993212955428,33.124425398092946,False,,,,,,,,,,,,,,,,
22826e4e2e25,v6_formal_v16,constant,cons,3.0,21,78.0,152.0,13.494380411967896,52.80763954483726,49.95852760594924,32.53040948332492,False,,,,,,,,,,,,,,,,
245230ef36c8,v6_formal_v16,runs/v4r/v4_pilot/supervised/final_nets.pt,min,3.0,11,150.0,147.0,16.0,115.32687094238054,120.82139465332031,90.35131045532225,False,,,,,,,,,,,,,,,,
24b69e0c47e2,v6_formal_v16,runs/v4r/v4_pilot/supervised/final_nets.pt,min,3.0,25,44.0,154.0,15.359683545783218,9.368973449114883,5.1612949137265645,-7.10518196766084,True,26,1,13.609683545783218,38.74184930507954,fallback,9.368973449114883,5.1612949137265645,-7.10518196766084,adoption_negative,0.0,stop_distance_infeasible,False,feasible,True,feasible,True
24d28940562a,v6_formal_v16,constant,cons,4.0,18,100.0,150.5,16.0,61.63937094238054,64.08543686797655,42.47262133778007,False,,,,,,,,,,,,,,,,
26694d430612,v6_formal_v16,runs/v4r/v4_pilot/supervised/final_nets.pt,min,4.0,18,100.0,150.5,16.0,61.68817236403402,64.08969716181286,42.47624258754094,False,,,,,,,,,,,,,,,,
2676b6d9ca74,v6_formal_v16,runs/v4r/v4_pilot/supervised/final_nets.pt,min,2.0,15,120.0,149.0,15.960958862677217,79.14014188911233,86.4171284535079,60.47381865689306,True,35,20,5.0168911099349796,13.352462015513083,fallback,8.626482651710234,6.907856118689753,-1.2281518298913143,later_highspeed,9.898456803364752,stop_distance_infeasible,False,feasible,True,feasible,True
276a941960c5,v6_formal_v16,constant,cons,2.0,15,120.0,149.0,16.0,78.76437094238054,86.06067506152343,60.120323802294905,False,,,,,,,,,,,,,,,,
27f2ab2ddc16,v6_formal_v16,runs/v4r_s2/v4_pilot/supervised/final_nets.pt,cons,2.0,11,150.0,147.0,16.0,110.76437094238054,116.25889465332031,85.78881045532225,False,,,,,,,,,,,,,,,,
2934758504f6,v6_formal_v16,runs/v4r_s1/v4_pilot/supervised/final_nets.pt,early,4.0,9,,146.0,15.093222633004189,140.1626596822257,158.3775325026363,123.53138763569294,True,45,36,0.057884243608764985,8.164195230780933,fallback,8.178666291683255,7.0524693375909475,-0.011546093626419139,terminal,11.582189414873937,stop_distance_infeasible,False,feasible,True,feasible,True
295cee378c6e,v6_formal_v16,runs/v4r_s2/v4_pilot/supervised/final_nets.pt,cons,3.0,21,78.0,152.0,13.494380411967896,52.80763954483726,49.95852760594924,32.53040948332492,False,,,,,,,,,,,,,,,,
29af8d254681,v6_formal_v16,runs/v4r_s1/v4_pilot/supervised/final_nets.pt,min,3.0,26,56.0,154.5,12.942223704978826,31.853710773759115,39.39455087822357,23.002008302372776,False,,,,,,,,,,,,,,,,
2a482f87560d,v6_formal_v16,runs/v4r_s1/v4_pilot/supervised/final_nets.pt,early,2.0,9,,146.0,15.093222633004189,136.61286724534284,154.82774006575346,119.98159519881008,False,,,,,,,,,,,,,,,,
2ac0dcd93dfd,v6_formal_v16,runs/v4r/v4_pilot/supervised/final_nets.pt,min,3.0,26,32.0,154.5,13.609683545783218,12.053115121946664,8.896460966670045,-2.4413183058003938,True,27,1,11.859683545783218,32.37450753218809,fallback,12.053115121946664,8.896460966670045,-2.4413183058003938,adoption_negative,0.0,stop_distance_infeasible,False,feasible,True,feasible,True
2bc6d5903d81,v6_formal_v16,runs/v4r/v4_pilot/supervised/final_nets.pt,early,4.0,9,,146.0,16.0,133.63937094238054,152.30763244628906,117.46148757934569,True,36,27,3.589734321638824,13.16563825652429,fallback,10.400610759448734,5.69120466639524,-1.912085232248259,terminal,11.169605712890643,stop_distance_infeasible,False,feasible,True,feasible,True
2c699c5dca73,v6_formal_v16,runs/v4r_s2/v4_pilot/supervised/final_nets.pt,min,4.0,19,89.0,151.0,16.0,53.63937094238054,52.052354650082805,32.244501452570375,True,34,15,3.8717593316766132,14.840682453369936,fallback,12.531423121693472,5.734737104252809,-1.8278693110123507,terminal,6.034879154196915,stop_distance_infeasible,False,feasible,True,feasible,True
2dbd7d93af6a,v6_formal_v16,runs/v4r_s1/v4_pilot/supervised/final_nets.pt,cons,3.0,30,32.0,156.5,9.516476954568859,25.560848052756054,27.5212853404397,15.417545795614092,False,,,,,,,,,,,,,,,,
2e9e5738c8b7,v6_formal_v16,constant,min,2.0,11,150.0,147.0,16.0,110.76437094238054,116.25889465332031,85.78881045532225,False,,,,,,,,,,,,,,,,
304309b1a036,v6_formal_v16,runs/v4r_s2/v4_pilot/supervised/final_nets.pt,cons,4.0,18,100.0,150.5,16.0,61.63937094238054,64.08543686797655,42.47262133778007,False,,,,,,,,,,,,,,,,
318d156b7186,v6_formal_v16,runs/v4r_s1/v4_pilot/supervised/final_nets.pt,min,2.0,24,67.0,153.5,12.572992892190815,41.84499402966765,46.781320206284356,28.86581347482302,True,37,13,4.77120969414636,12.425670973868364,fallback,6.746390939919735,5.275803682371308,-2.7779024321252344,terminal,6.7991839901542335,stop_distance_infeasible,False,feasible,True,feasible,True
33f3ee09ddc0,v6_formal_v16,runs/v4r_s2/v4_pilot/supervised/final_nets.pt,cons,4.0,22,67.0,152.5,13.259863377513469,45.18799051149689,47.748690130573195,30.51238441635975,False,,,,,,,,,,,,,,,,
34b78e80f75f,v6_formal_v16,runs/v4r_s1/v4_pilot/supervised/final_nets.pt,min,2.0,26,56.0,154.5,12.942223704978826,27.425847073536886,34.96668717800134,18.574144602150547,True,37,11,4.77120969414636,12.425670973868364,fallback,6.746390939919735,5.275803682371308,-2.7779024321252344,terminal,6.7991839901542335,stop_distance_infeasible,False,feasible,True,feasible,True
36be5120e2a9,v6_formal_v16,runs/v4r/v4_pilot/supervised/final_nets.pt,cons,2.0,15,120.0,149.0,15.960958862677217,79.14014188911233,86.4171284535079,60.47381865689306,True,35,20,5.0168911099349796,13.352462015513083,fallback,8.626482651710234,6.907856118689753,-1.2281518298913143,later_highspeed,9.898456803364752,stop_distance_infeasible,False,feasible,True,feasible,True
3838c4e235f9,v6_formal_v16,runs/v4r_s1/v4_pilot/supervised/final_nets.pt,min,4.0,23,78.0,153.0,12.38837748579681,56.63435922133203,56.81093437982699,38.6733389119094,False,,,,,,,,,,,,,,,,
3895f0244276,v6_formal_v16,runs/v4r/v4_pilot/supervised/final_nets.pt,min,2.0,25,44.0,154.0,14.997319405428396,9.37189974631935,5.4895712575909315,-6.858998933055787,True,26,1,13.247319405428396,39.144970056992406,fallback,9.37189974631935,5.4895712575909315,-6.858998933055787,adoption_negative,0.0,stop_distance_infeasible,False,feasible,True,feasible,True
39b2ab1c6c65,v6_formal_v16,runs/v4r_s1/v4_pilot/supervised/final_nets.pt,min,3.0,21,89.0,152.0,12.659832818433642,66.76309550356518,68.67005877610644,48.394289318264626,True,37,16,6.1905513136697925,11.711945432030461,fallback,3.43155287230743,5.64172106878244,-2.929451750503871,later_highspeed,5.873311059187017,stop_distance_infeasible,False,feasible,True,feasible,True
3a341c15f165,v6_formal_v16,runs/v4r_s2/v4_pilot/supervised/final_nets.pt,cons,2.0,24,56.0,153.5,12.790854768631927,26.29989472418646,32.199786609017764,16.394266548296194,False,,,,,,,,,,,,,,,,
3afd3909a4ab,v6_formal_v16,runs/v4r/v4_pilot/supervised/final_nets.pt,min,4.0,25,44.0,154.0,15.539081307571978,9.369627092529122,5.194811927676547,-7.060062373233869,True,26,1,13.789081307571978,38.54193651713604,fallback,9.369627092529122,5.194811927676547,-7.060062373233869,adoption_negative,0.0,stop_distance_infeasible,False,feasible,True,feasible,True
3bb61cf4c932,v6_formal_v16,constant,min,3.0,25,44.0,154.0,15.359652439470057,9.320340831075875,5.1613365266220015,-7.105124665708331,True,26,1,13.609652439470057,38.69308603358786,fallback,9.320340831075875,5.1613365266220015,-7.105124665708331,adoption_negative,0.0,stop_distance_infeasible,False,feasible,True,feasible,True
3d4d039efc26,v6_formal_v16,runs/v4r/v4_pilot/supervised/final_nets.pt,min,4.0,19,89.0,151.0,16.0,53.68817236403402,52.0549108263846,32.2466742024269,False,,,,,,,,,,,,,,,,
3d7cd120ef4d,v6_formal_v16,runs/v4r_s1/v4_pilot/supervised/final_nets.pt,cons,4.0,30,32.0,156.5,9.51741710646667,25.703014917973295,27.647628406945476,15.54329958948615,True,37,7,4.615461563969007,12.408870007108362,fallback,7.799727816694941,6.010601566426653,-1.9925060198515139,terminal,6.657073586930892,stop_distance_infeasible,False,feasible,True,feasible,True
3f46e4911799,v6_formal_v16,runs/v4r_s2/v4_pilot/supervised/final_nets.pt,min,3.0,25,44.0,154.0,15.359652439470057,9.320340831075875,5.1613365266220015,-7.105124665708331,True,26,1,13.609652439470057,38.69308603358786,fallback,9.320340831075875,5.1613365266220015,-7.105124665708331,adoption_negative,0.0,stop_distance_infeasible,False,feasible,True,feasible,True
3f5f0b8654af,v6_formal_v16,runs/v4r_s2/v4_pilot/supervised/final_nets.pt,min,3.0,15,120.0,149.0,16.0,83.32687094238054,90.62317506152343,64.6828238022949,False,,,,,,,,,,,,,,,,
3fd4200a9d1c,v6_formal_v16,constant,early,2.0,9,,146.0,16.0,126.76437094238054,145.43263244628906,110.58648757934569,False,,,,,,,,,,,,,,,,
41292263befe,v6_formal_v16,runs/v4r_s2/v4_pilot/supervised/final_nets.pt,cons,3.0,22,67.0,152.5,13.009863377513469,46.18799051149689,48.76119013057318,31.513634416359736,False,,,,,,,,,,,,,,,,
43a0b7029dbe,v6_formal_v16,runs/v4r_s2/v4_pilot/supervised/final_nets.pt,min,4.0,25,44.0,154.0,15.539049515791618,9.320994468589852,5.1948530420025705,-7.060005645157553,True,26,1,13.789049515791618,38.49317458309224,fallback,9.320994468589852,5.1948530420025705,-7.060005645157553,adoption_negative,0.0,stop_distance_infeasible,False,feasible,True,feasible,True
447021dcbf84,v6_formal_v16,constant,min,4.0,26,32.0,154.5,13.789049515791618,11.14947651992577,8.141214518724809,-3.181522368558884,True,27,1,12.039049515791618,32.03614982519639,fallback,11.14947651992577,8.141214518724809,-3.181522368558884,adoption_negative,0.0,stop_distance_infeasible,False,feasible,True,feasible,True
4472f5244e00,v6_formal_v16,constant,min,4.0,20,78.0,151.5,16.0,45.63937094238054,38.03990583204188,20.333919957235594,False,,,,,,,,,,,,,,,,
44ba72ec6e2f,v6_formal_v16,runs/v4r_s2/v4_pilot/supervised/final_nets.pt,cons,4.0,15,120.0,149.0,16.0,85.63937094238054,92.93567506152343,66.9953238022949,False,,,,,,,,,,,,,,,,
452cc57c7094,v6_formal_v16,runs/v4r_s1/v4_pilot/supervised/final_nets.pt,min,3.0,28,44.0,155.5,13.164404008537534,18.919630269505316,21.08772648792343,7.464606967589457,False,,,,,,,,,,,,,,,,
483bd153ead0,v6_formal_v16,runs/v4r_s1/v4_pilot/supervised/final_nets.pt,min,3.0,30,32.0,156.5,12.804342840121704,9.809934997868346,13.305274662560201,1.44704430003749,True,33,3,8.15671677454117,19.537547740585524,fallback,9.809934997868089,8.70747294097207,-0.7351686696719728,later_highspeed,4.453037980493718,stop_distance_infeasible,False,feasible,True,feasible,True
4a25ee5bed86,v6_formal_v16,runs/v4r/v4_pilot/supervised/final_nets.pt,min,3.0,19,89.0,151.0,16.0,51.37567236403402,49.7424108263846,29.934174202426902,True,34,15,4.019415172609052,14.649190963266392,fallback,11.89901701975792,5.595901621666215,-2.023090851055672,terminal,6.221876340441213,stop_distance_infeasible,False,feasible,True,feasible,True
4b1729ee6e95,v6_formal_v16,constant,min,4.0,23,56.0,153.0,16.0,21.639370942380538,21.961018829642924,6.666866005196482,True,42,19,0.05795672109868555,9.856974751860434,fallback,9.871463932134962,7.062882333991882,-0.0011397039585324814,terminal,6.226446148919877,stop_distance_infeasible,False,feasible,True,feasible,True
4b335dc36b9b,v6_formal_v16,runs/v4r/v4_pilot/supervised/final_nets.pt,min,3.0,23,56.0,153.0,16.0,19.375672364034017,19.648850110091644,4.354647593577894,False,,,,,,,,,,,,,,,,
4c5baf57756b,v6_formal_v16,runs/v4r_s2/v4_pilot/supervised/final_nets.pt,cons,3.0,24,56.0,153.5,12.777429589473611,33.68492144851518,39.595068075674405,23.801058898300536,False,,,,,,,,,,,,,,,,
4ce511dda5bd,v6_formal_v16,runs/v4r/v4_pilot/supervised/final_nets.pt,cons,2.0,21,78.0,152.0,13.689602137161614,51.662562212516605,48.82981129676725,31.416578319955192,True,35,14,4.146689886605502,12.724688787744526,fallback,8.287534752465413,5.520685474661001,-2.3375107846363807,terminal,5.515330404493852,stop_distance_infeasible,False,feasible,True,feasible,True
4e2abeeb421a,v6_formal_v16,runs/v4r/v4_pilot/supervised/final_nets.pt,min,2.0,19,89.0,151.0,16.0,46.81317236403402,45.1799108263846,25.371674202426902,False,,,,,,,,,,,,,,,,
5070f7952732,v6_formal_v16,runs/v4r/v4_pilot/supervised/final_nets.pt,min,2.0,20,78.0,151.5,16.0,38.81317236403402,31.166439537822953,13.460223607149501,True,36,16,4.537720578899193,9.93232712206509,fallback,6.4591580756669185,7.275096633747502,-0.7032125278906225,terminal,7.753102909965037,stop_distance_infeasible,False,feasible,True,feasible,True
50a5eee30f9a,v6_formal_v16,runs/v4r_s2/v4_pilot/supervised/final_nets.pt,cons,2.0,26,44.0,154.5,11.806772419094695,24.356543074594725,30.914063134178562,16.86486731223316,False,,,,,,,,,,,,,,,,
524030456bc8,v6_formal_v16,runs/v4r_s1/v4_pilot/supervised/final_nets.pt,cons,3.0,12,150.0,147.5,13.924183782190084,121.67153327528786,119.51226560270041,90.97236549144014,False,,,,,,,,,,,,,,,,
527a5d8639d8,v6_formal_v16,runs/v4r_s2/v4_pilot/supervised/final_nets.pt,early,2.0,9,,146.0,16.0,126.76437094238054,145.43263244628906,110.58648757934569,False,,,,,,,,,,,,,,,,
53d1f131be36,v6_formal_v16,constant,cons,3.0,24,56.0,153.5,12.777429589473611,33.68492144851518,39.595068075674405,23.801058898300536,False,,,,,,,,,,,,,,,,
54e43cd9f7aa,v6_formal_v16,runs/v4r_s1/v4_pilot/supervised/final_nets.pt,cons,4.0,19,100.0,151.0,12.931288151070476,79.52847022447668,79.39225495575293,57.50362820638806,True,37,18,4.331537456879983,12.849285012960536,fallback,7.625568668529739,4.659292155598192,-3.2136494286721673,terminal,6.278261595956337,stop_distance_infeasible,False,feasible,True,feasible,True
55b4318e81ff,v6_formal_v16,runs/v4r/v4_pilot/supervised/final_nets.pt,cons,4.0,15,120.0,149.0,15.960958862677217,85.90777876147467,93.18476532587025,67.2414555292554,False,,,,,,,,,,,,,,,,
567488ea1071,v6_formal_v16,constant,cons,4.0,19,89.0,151.0,15.729522052921366,56.13617246608825,54.562680071144435,34.74265536601347,False,,,,,,,,,,,,,,,,
5701614d4d11,v6_formal_v16,runs/v4r_s1/v4_pilot/supervised/final_nets.pt,early,3.0,9,,146.0,15.093222633004189,139.0376596822257,157.2525325026363,122.40638763569294,False,,,,,,,,,,,,,,,,
582e4c5c84a8,v6_formal_v16,runs/v4r_s1/v4_pilot/supervised/final_nets.pt,min,2.0,12,150.0,147.5,13.924183782190084,118.6770332650135,116.51776559242606,87.9778654811658,True,36,24,4.890744285606368,13.990368932069487,fallback,9.795408353994642,7.103705820374319,-0.989663540973913,terminal,11.132529127688485,stop_distance_infeasible,False,feasible,True,feasible,True
586606ebfa83,v6_formal_v16,runs/v4r/v4_pilot/supervised/final_nets.pt,cons,4.0,11,150.0,147.0,16.0,117.63937094238054,123.13389465332031,92.66381045532225,True,36,25,3.5897347091527783,13.184067894652344,fallback,10.41903999817066,5.691204930728836,-1.9120850965392302,terminal,7.704550990620646,stop_distance_infeasible,False,feasible,True,feasible,True
587ea04c80a3,v6_formal_v16,runs/v4r/v4_pilot/supervised/final_nets.pt,cons,4.0,18,100.0,150.5,16.0,61.68817236403402,64.08969716181286,42.47624258754094,False,,,,,,,,,,,,,,,,
5951c93e2214,v6_formal_v16,runs/v4r_s1/v4_pilot/supervised/final_nets.pt,min,2.0,28,44.0,155.5,13.164404008537534,14.99027745228657,17.158373670704684,3.5352541503707116,False,,,,,,,,,,,,,,,,
5ae5f51f2829,v6_formal_v16,constant,cons,3.0,15,120.0,149.0,16.0,83.32687094238054,90.62317506152343,64.6828238022949,False,,,,,,,,,,,,,,,,
5b75b9ec7475,v6_formal_v16,runs/v4r_s2/v4_pilot/supervised/final_nets.pt,cons,2.0,15,120.0,149.0,16.0,78.76437094238054,86.06067506152343,60.120323802294905,False,,,,,,,,,,,,,,,,
5bc889f01449,v6_formal_v16,constant,min,4.0,11,150.0,147.0,16.0,117.63937094238054,123.13389465332031,92.66381045532225,False,,,,,,,,,,,,,,,,
5e887b3815af,v6_formal_v16,constant,cons,2.0,28,32.0,155.5,9.65840994474444,22.458252987493772,24.627829235970637,12.859359900646789,False,,,,,,,,,,,,,,,,
5eef8fd43b5f,v6_formal_v16,runs/v4r_s2/v4_pilot/supervised/final_nets.pt,cons,4.0,21,78.0,152.0,13.494380411967896,52.87154444184529,50.02243250295727,32.594314380332946,False,,,,,,,,,,,,,,,,
5fbb320202b8,v6_formal_v16,runs/v4r_s2/v4_pilot/supervised/final_nets.pt,min,4.0,20,78.0,151.5,16.0,45.63937094238054,38.03990583204188,20.333919957235594,False,,,,,,,,,,,,,,,,
62c2ddb77195,v6_formal_v16,runs/v4r/v4_pilot/supervised/final_nets.pt,min,4.0,15,120.0,149.0,15.960958862677217,85.90777876147467,93.18476532587025,67.2414555292554,False,,,,,,,,,,,,,,,,
6698ce404383,v6_formal_v16,runs/v4r_s2/v4_pilot/supervised/final_nets.pt,min,2.0,22,67.0,152.5,16.0,22.764370942380538,24.47285792082414,7.770679232700516,True,34,12,3.578967633249353,12.925186537019272,fallback,9.167754474004324,4.941621064737625,-2.6972844769189894,terminal,5.473256042361754,stop_distance_infeasible,False,feasible,True,feasible,True
670c8d33caa8,v6_formal_v16,runs/v4r/v4_pilot/supervised/final_nets.pt,min,4.0,23,56.0,153.0,16.0,21.688172364034017,21.961350110091644,6.667147593577894,False,,,,,,,,,,,,,,,,
6b6041104e30,v6_formal_v16,runs/v4r/v4_pilot/supervised/final_nets.pt,min,3.0,22,67.0,152.5,16.0,27.375672364034017,29.035910054905344,12.333648546669544,False,,,,,,,,,,,,,,,,
6eecb93a936a,v6_formal_v16,runs/v4r/v4_pilot/supervised/final_nets.pt,min,2.0,11,150.0,147.0,16.0,110.76437094238054,116.25889465332031,85.78881045532225,False,,,,,,,,,,,,,,,,
6f095cc60e55,v6_formal_v16,runs/v4r_s2/v4_pilot/supervised/final_nets.pt,min,2.0,25,44.0,154.0,14.997285589961525,9.323275671224359,5.489609995482084,-6.8589451860125905,True,26,1,13.247285589961525,39.09622409072608,fallback,9.323275671224359,5.489609995482084,-6.8589451860125905,adoption_negative,0.0,stop_distance_infeasible,False,feasible,True,feasible,True
70b04f45b2b1,v6_formal_v16,runs/v4r_s2/v4_pilot/supervised/final_nets.pt,cons,4.0,19,89.0,151.0,15.729522052921366,56.13617246608825,54.562680071144435,34.74265536601347,False,,,,,,,,,,,,,,,,
724fac34a048,v6_formal_v16,runs/v4r_s2/v4_pilot/supervised/final_nets.pt,cons,2.0,28,32.0,155.5,9.65840994474444,22.458252987493772,24.627829235970637,12.859359900646789,False,,,,,,,,,,,,,,,,
726bf52a7ce6,v6_formal_v16,constant,min,3.0,23,56.0,153.0,16.0,19.326870942380538,19.648518829642924,4.354366005196482,False,,,,,,,,,,,,,,,,
738135d7125a,v6_formal_v16,runs/v4r_s1/v4_pilot/supervised/final_nets.pt,min,4.0,21,89.0,152.0,12.659832818433642,68.13448058803033,70.04144386057159,49.76567440272977,False,,,,,,,,,,,,,,,,
7552a7f8cce9,v6_formal_v16,runs/v4r/v4_pilot/supervised/final_nets.pt,min,4.0,22,67.0,152.5,16.0,29.688172364034017,31.348410054905344,14.646148546669544,True,44,22,0.05584916882336488,5.906868769045559,fallback,5.920831061251221,7.058788129540189,-0.005041901229698324,terminal,11.74216405752577,stop_distance_infeasible,False,feasible,True,feasible,True
76d2e91ec2a1,v6_formal_v16,runs/v4r_s1/v4_pilot/supervised/final_nets.pt,min,4.0,28,44.0,155.5,13.164404008537534,20.854216185290607,23.02231240370872,9.399192883374749,True,36,8,3.930108477545711,14.68410361580709,fallback,12.316495138261587,5.524231743291457,-2.019927425650046,terminal,6.338500581673998,stop_distance_infeasible,False,feasible,True,feasible,True
772ef1788d8a,v6_formal_v16,runs/v4r_s2/v4_pilot/supervised/final_nets.pt,cons,3.0,26,44.0,154.5,11.80983800482419,24.968974812088593,31.502955598033484,17.45134247766138,False,,,,,,,,,,,,,,,,
773a1a73536d,v6_formal_v16,runs/v4r_s2/v4_pilot/supervised/final_nets.pt,min,3.0,22,67.0,152.5,16.0,27.326870942380538,29.03535792082414,12.333179232700516,False,,,,,,,,,,,,,,,,
777ce7d59c11,v6_formal_v16,runs/v4r/v4_pilot/supervised/final_nets.pt,cons,4.0,21,78.0,152.0,13.494513430828455,52.91950171789617,50.02270523524683,32.59446639146273,False,,,,,,,,,,,,,,,,
77f1ad3dfbd2,v6_formal_v16,constant,cons,2.0,26,44.0,154.5,11.806772419094695,24.356543074594725,30.914063134178562,16.86486731223316,False,,,,,,,,,,,,,,,,
79a21624670e,v6_formal_v16,constant,cons,4.0,15,120.0,149.0,16.0,85.63937094238054,92.93567506152343,66.9953238022949,False,,,,,,,,,,,,,,,,
7b84c437386b,v6_formal_v16,runs/v4r_s2/v4_pilot/supervised/final_nets.pt,min,2.0,26,32.0,154.5,13.247285589961525,13.543903128370367,10.469906774622814,-0.9334273859239666,True,27,1,11.497285589961525,32.910081295745385,fallback,13.543903128370367,10.469906774622814,-0.9334273859239666,adoption_negative,0.0,stop_distance_infeasible,False,feasible,True,feasible,True
7bf8d3626538,v6_formal_v16,runs/v4r/v4_pilot/supervised/final_nets.pt,cons,2.0,24,56.0,153.5,12.790794420883218,26.366496358779038,32.219816539470465,16.41434824998033,True,35,11,4.146689886605502,12.724688787744526,fallback,8.287534752465413,5.520685474661001,-2.3375107846363807,terminal,4.188498675477149,stop_distance_infeasible,False,feasible,True,feasible,True
7eb23961f395,v6_formal_v16,runs/v4r/v4_pilot/supervised/final_nets.pt,min,2.0,18,100.0,150.5,16.0,54.81317236403402,57.214697161812865,35.60124258754094,True,35,17,4.146689886605502,12.724688787744526,fallback,8.287534752465413,5.520685474661001,-2.3375107846363807,terminal,6.0614070962169535,stop_distance_infeasible,False,feasible,True,feasible,True
7eb37833456f,v6_formal_v16,runs/v4r_s1/v4_pilot/supervised/final_nets.pt,cons,3.0,26,56.0,154.5,12.942223704978826,31.853710773759115,39.39455087822357,23.002008302372776,False,,,,,,,,,,,,,,,,
7f23f53d85e8,v6_formal_v16,constant,cons,3.0,22,67.0,152.5,13.009863377513469,46.18799051149689,48.76119013057318,31.513634416359736,False,,,,,,,,,,,,,,,,
81cb9bf8fc8b,v6_formal_v16,constant,min,2.0,23,56.0,153.0,15.987930485862307,14.9936917109967,15.315943073965968,0.021247121383332512,True,26,3,12.873354431541086,39.457240876908145,fallback,14.9936917109967,11.186197106423634,-1.1864078052689564,later_highspeed,9.387727860227187,stop_distance_infeasible,False,feasible,True,feasible,True
8247402f284d,v6_formal_v16,runs/v4r/v4_pilot/supervised/final_nets.pt,min,3.0,15,120.0,149.0,15.960958862677217,83.6489603252935,90.92594688968907,64.98263709307423,True,35,20,4.431993188644024,14.03691672783225,fallback,10.932925717070692,7.345656169148214,-0.5994162623923369,terminal,8.117576357058624,stop_distance_infeasible,False,feasible,True,feasible,True
82cda9c36522,v6_formal_v16,runs/v4r/v4_pilot/supervised/final_nets.pt,cons,3.0,22,67.0,152.5,13.00991711047696,46.23651556529404,48.76173928558326,31.51411355665731,False,,,,,,,,,,,,,,,,
8357577a08de,v6_formal_v16,runs/v4r_s2/v4_pilot/supervised/final_nets.pt,min,4.0,23,56.0,153.0,16.0,21.639370942380538,21.961018829642924,6.666866005196482,True,42,19,0.05795672109868555,9.856974751860434,fallback,9.871463932134962,7.062882333991882,-0.0011397039585324814,terminal,6.226446148919877,stop_distance_infeasible,False,feasible,True,feasible,True
839f6f560d26,v6_formal_v16,runs/v4r/v4_pilot/supervised/final_nets.pt,cons,2.0,11,150.0,147.0,16.0,110.76437094238054,116.25889465332031,85.78881045532225,False,,,,,,,,,,,,,,,,
84d660033226,v6_formal_v16,runs/v4r_s1/v4_pilot/supervised/final_nets.pt,cons,2.0,30,32.0,156.5,9.509018964477,24.98282631501379,27.074793821207074,14.975726618358712,True,37,7,4.77120969414636,12.425670973868364,fallback,6.746390939919735,5.275803682371308,-2.7779024321252344,terminal,6.7991839901542335,stop_distance_infeasible,False,feasible,True,feasible,True
872fafa91bd6,v6_formal_v16,runs/v4r/v4_pilot/supervised/final_nets.pt,min,2.0,22,67.0,152.5,16.0,22.813172364034017,24.473410054905344,7.771148546669544,True,34,12,3.5789688318818955,12.973983803657575,fallback,9.216544273974751,4.941615645034478,-2.697290293564258,terminal,5.473123530181965,stop_distance_infeasible,False,feasible,True,feasible,True
874b5b5fc45f,v6_formal_v16,runs/v4r_s2/v4_pilot/supervised/final_nets.pt,cons,3.0,19,89.0,151.0,15.729522052921366,54.95891143962756,53.38541904468375,33.56539433955279,False,,,,,,,,,,,,,,,,
8825e7da75ea,v6_formal_v16,runs/v4r_s1/v4_pilot/supervised/final_nets.pt,min,3.0,16,120.0,149.5,13.085871535819024,96.7779717841272,108.07613269759736,81.54541905612832,False,,,,,,,,,,,,,,,,
88f646184b02,v6_formal_v16,runs/v4r/v4_pilot/supervised/final_nets.pt,cons,3.0,18,100.0,150.5,16.0,59.37567236403402,61.777197161812865,40.16374258754094,False,,,,,,,,,,,,,,,,
89a492168601,v6_formal_v16,constant,min,2.0,25,44.0,154.0,14.997285589961525,9.323275671224359,5.489609995482084,-6.8589451860125905,True,26,1,13.247285589961525,39.09622409072608,fallback,9.323275671224359,5.489609995482084,-6.8589451860125905,adoption_negative,0.0,stop_distance_infeasible,False,feasible,True,feasible,True
8a0b129ca9cc,v6_formal_v16,runs/v4r_s2/v4_pilot/supervised/final_nets.pt,min,3.0,19,89.0,151.0,16.0,51.32687094238054,49.739854650082805,29.932001452570375,True,34,15,3.5993419147551142,14.790259122100451,fallback,12.158384255178323,4.95127283089417,-2.521774967384924,terminal,5.974948818040957,stop_distance_infeasible,False,feasible,True,feasible,True
8b4d3829f43a,v6_formal_v16,runs/v4r_s2/v4_pilot/supervised/final_nets.pt,cons,2.0,21,78.0,152.0,13.688566158764099,51.61868168825119,48.83350739303793,31.42034158882378,False,,,,,,,,,,,,,,,,
8c0c20b455c3,v6_formal_v16,runs/v4r_s2/v4_pilot/supervised/final_nets.pt,min,2.0,23,56.0,153.0,15.987930485862307,14.9936917109967,15.315943073965968,0.021247121383332512,True,26,3,12.873354431541086,39.457240876908145,fallback,14.9936917109967,11.186197106423634,-1.1864078052689564,later_highspeed,9.387727860227187,stop_distance_infeasible,False,feasible,True,feasible,True
8cdaa4db7670,v6_formal_v16,runs/v4r/v4_pilot/supervised/final_nets.pt,cons,4.0,22,67.0,152.5,13.25991711047696,45.23651556529404,47.74923928558326,30.51286355665731,False,,,,,,,,,,,,,,,,
8d44b2106f72,v6_formal_v16,runs/v4r_s1/v4_pilot/supervised/final_nets.pt,min,3.0,23,78.0,153.0,12.38837748579681,55.29154222028728,55.46811737878224,37.33052191086465,True,37,14,6.190315045954404,11.70150019282437,fallback,3.418193929365639,5.638198645369592,-2.932879582252534,later_highspeed,5.874732708191914,stop_distance_infeasible,False,feasible,True,feasible,True
8d90ecd5b19d,v6_formal_v16,constant,cons,4.0,24,56.0,153.5,12.773156102961147,34.57016900262077,40.57620358733374,24.785855870714162,False,,,,,,,,,,,,,,,,
8ed1bbb78447,v6_formal_v16,runs/v4r_s1/v4_pilot/supervised/final_nets.pt,min,4.0,12,150.0,147.5,13.924183782190084,122.7120138498808,120.55274617729336,92.01284606603309,False,,,,,,,,,,,,,,,,
8ed41f111768,v6_formal_v16,constant,cons,4.0,22,67.0,152.5,13.259863377513469,45.18799051149689,47.748690130573195,30.51238441635975,False,,,,,,,,,,,,,,,,
8ef5fa4edf8b,v6_formal_v16,runs/v4r/v4_pilot/supervised/final_nets.pt,cons,3.0,21,78.0,152.0,13.494513430828455,52.85563007560328,49.958833592953944,32.53059474916984,False,,,,,,,,,,,,,,,,
905a968b42fa,v6_formal_v16,runs/v4r_s1/v4_pilot/supervised/final_nets.pt,min,2.0,21,89.0,152.0,12.659832818433642,63.63568413107123,65.54264740361249,45.26687794577067,True,37,16,5.393871323861054,12.37011855587798,fallback,7.239873481340702,7.236901046398071,-1.0313106550780375,later_highspeed,5.857356841751425,stop_distance_infeasible,False,feasible,True,feasible,True
90f2d1fb2889,v6_formal_v16,runs/v4r/v4_pilot/supervised/final_nets.pt,cons,4.0,19,89.0,151.0,15.729867379053871,56.1818659525492,54.56211104594706,34.74171845404679,False,,,,,,,,,,,,,,,,
93c7a3f92239,v6_formal_v16,constant,min,4.0,25,44.0,154.0,15.539049515791618,9.320994468589852,5.1948530420025705,-7.060005645157553,True,26,1,13.789049515791618,38.49317458309224,fallback,9.320994468589852,5.1948530420025705,-7.060005645157553,adoption_negative,0.0,stop_distance_infeasible,False,feasible,True,feasible,True
93c8b1781b5e,v6_formal_v16,runs/v4r_s2/v4_pilot/supervised/final_nets.pt,min,4.0,18,100.0,150.5,16.0,61.63937094238054,64.08543686797655,42.47262133778007,False,,,,,,,,,,,,,,,,
93c950d3890a,v6_formal_v16,constant,min,3.0,26,32.0,154.5,13.609652439470057,12.004476275707635,8.896531967588363,-2.441239291231927,True,27,1,11.859652439470057,32.32575981385298,fallback,12.004476275707635,8.896531967588363,-2.441239291231927,adoption_negative,0.0,stop_distance_infeasible,False,feasible,True,feasible,True
95fb2e964879,v6_formal_v16,constant,min,4.0,22,67.0,152.5,16.0,29.639370942380538,31.34785792082414,14.645679232700516,True,44,22,0.05601392898283675,5.863141350713704,fallback,5.877144832959614,7.05910760419107,-0.004737428876466859,terminal,11.742296569705559,stop_distance_infeasible,False,feasible,True,feasible,True
9636178d76a8,v6_formal_v16,runs/v4r_s1/v4_pilot/supervised/final_nets.pt,cons,4.0,16,120.0,149.5,13.085871535819024,98.42300645064961,109.72116736411976,83.19045372265073,True,37,21,4.331539699921386,12.81551044752041,fallback,7.591806916214875,4.680960731379299,-3.1952293855175355,terminal,9.446102783265815,stop_distance_infeasible,False,feasible,True,feasible,True
978e1215da96,v6_formal_v16,runs/v4r_s2/v4_pilot/supervised/final_nets.pt,min,3.0,11,150.0,147.0,16.0,115.32687094238054,120.82139465332031,90.35131045532225,False,,,,,,,,,,,,,,,,
984d82c3b5ac,v6_formal_v16,runs/v4r/v4_pilot/supervised/final_nets.pt,cons,3.0,11,150.0,147.0,16.0,115.32687094238054,120.82139465332031,90.35131045532225,False,,,,,,,,,,,,,,,,
9b24045e7d42,v6_formal_v16,runs/v4r/v4_pilot/supervised/final_nets.pt,cons,3.0,26,44.0,154.5,11.809847330742377,25.01734656643949,31.502993338381135,17.451372863254637,False,,,,,,,,,,,,,,,,
9d44601b60ee,v6_formal_v16,runs/v4r_s2/v4_pilot/supervised/final_nets.pt,early,4.0,9,,146.0,16.0,133.63937094238054,152.30763244628906,117.46148757934569,False,,,,,,,,,,,,,,,,
9e76005f8234,v6_formal_v16,constant,min,2.0,19,89.0,151.0,16.0,46.76437094238054,45.177354650082805,25.369501452570375,False,,,,,,,,,,,,,,,,
9faefa30cc47,v6_formal_v16,constant,cons,2.0,21,78.0,152.0,13.688566158764099,51.61868168825119,48.83350739303793,31.42034158882378,False,,,,,,,,,,,,,,,,
a0b9f6babd36,v6_formal_v16,runs/v4r_s2/v4_pilot/supervised/final_nets.pt,min,3.0,23,56.0,153.0,16.0,19.326870942380538,19.648518829642924,4.354366005196482,False,,,,,,,,,,,,,,,,
a140c9777410,v6_formal_v16,runs/v4r/v4_pilot/supervised/final_nets.pt,cons,2.0,26,44.0,154.5,11.57370947211094,26.366496358778903,31.046318111671475,17.262962378325753,True,35,9,4.146689886605502,12.724688787744526,fallback,8.287534752465413,5.520685474661001,-2.3375107846363807,terminal,4.188498675477149,stop_distance_infeasible,False,feasible,True,feasible,True
a1f9bf07f711,v6_formal_v16,constant,min,2.0,26,32.0,154.5,13.247285589961525,13.543903128370367,10.469906774622814,-0.9334273859239666,True,27,1,11.497285589961525,32.910081295745385,fallback,13.543903128370367,10.469906774622814,-0.9334273859239666,adoption_negative,0.0,stop_distance_infeasible,False,feasible,True,feasible,True
a34277353bd5,v6_formal_v16,runs/v4r_s2/v4_pilot/supervised/final_nets.pt,cons,2.0,22,67.0,152.5,12.918088211685465,46.225124751650014,48.955270058485354,31.712555852855758,False,,,,,,,,,,,,,,,,
a4060e6486a8,v6_formal_v16,constant,cons,2.0,24,56.0,153.5,12.790854768631927,26.29989472418646,32.199786609017764,16.394266548296194,False,,,,,,,,,,,,,,,,
a53bbb668b20,v6_formal_v16,runs/v4r/v4_pilot/supervised/final_nets.pt,cons,4.0,24,56.0,153.5,12.773182703182213,34.61853446384005,40.576321001697565,24.78595049838466,False,,,,,,,,,,,,,,,,
a5da90671bdf,v6_formal_v16,runs/v4r_s2/v4_pilot/supervised/final_nets.pt,cons,4.0,11,150.0,147.0,16.0,117.63937094238054,123.13389465332031,92.66381045532225,False,,,,,,,,,,,,,,,,
a77210b026c5,v6_formal_v16,runs/v4r_s1/v4_pilot/supervised/final_nets.pt,cons,2.0,24,67.0,153.5,12.572992892190815,41.84499402966765,46.781320206284356,28.86581347482302,True,37,13,4.77120969414636,12.425670973868364,fallback,6.746390939919735,5.275803682371308,-2.7779024321252344,terminal,6.7991839901542335,stop_distance_infeasible,False,feasible,True,feasible,True
a87e4697c302,v6_formal_v16,constant,min,4.0,19,89.0,151.0,16.0,53.63937094238054,52.052354650082805,32.244501452570375,True,34,15,3.8717593316766132,14.840682453369936,fallback,12.531423121693472,5.734737104252809,-1.8278693110123507,terminal,6.034879154196915,stop_distance_infeasible,False,feasible,True,feasible,True
a8a9ca8de462,v6_formal_v16,runs/v4r_s1/v4_pilot/supervised/final_nets.pt,min,2.0,30,32.0,156.5,12.817201331033013,5.775458527268093,9.20302534274483,-2.660290475080892,True,31,1,12.165483969560196,29.41553397821326,fallback,5.775458527268093,9.20302534274483,-2.660290475080892,adoption_negative,0.0,stop_distance_infeasible,False,feasible,True,feasible,True
a9d58f9d5f05,v6_formal_v16,runs/v4r_s2/v4_pilot/supervised/final_nets.pt,min,4.0,15,120.0,149.0,16.0,85.63937094238054,92.93567506152343,66.9953238022949,False,,,,,,,,,,,,,,,,
aac38dc54e14,v6_formal_v16,constant,min,3.0,22,67.0,152.5,16.0,27.326870942380538,29.03535792082414,12.333179232700516,False,,,,,,,,,,,,,,,,
abb1958e8c8e,v6_formal_v16,constant,cons,3.0,26,44.0,154.5,11.80983800482419,24.968974812088593,31.502955598033484,17.45134247766138,False,,,,,,,,,,,,,,,,
abd0bf3912c1,v6_formal_v16,runs/v4r_s2/v4_pilot/supervised/final_nets.pt,cons,4.0,26,44.0,154.5,11.80833945899134,25.7282112037165,32.371891385040044,18.32145999203785,False,,,,,,,,,,,,,,,,
abe1e663d5a7,v6_formal_v16,runs/v4r_s1/v4_pilot/supervised/final_nets.pt,cons,3.0,19,100.0,151.0,12.931288151070476,77.88343555795427,77.74722028923053,55.85859353986565,False,,,,,,,,,,,,,,,,
acb0d2d710a1,v6_formal_v16,runs/v4r/v4_pilot/supervised/final_nets.pt,cons,3.0,28,32.0,155.5,9.659615311108917,22.808966248540237,24.897637413650237,13.128400485770271,False,,,,,,,,,,,,,,,,
acd746c8f0a8,v6_formal_v16,runs/v4r_s2/v4_pilot/supervised/final_nets.pt,min,4.0,11,150.0,147.0,16.0,117.63937094238054,123.13389465332031,92.66381045532225,False,,,,,,,,,,,,,,,,
afe4fcbb0593,v6_formal_v16,runs/v4r_s1/v4_pilot/supervised/final_nets.pt,cons,3.0,16,120.0,149.5,13.085871535819024,96.7779717841272,108.07613269759736,81.54541905612832,False,,,,,,,,,,,,,,,,
aff6404ef33a,v6_formal_v16,constant,min,2.0,18,100.0,150.5,16.0,54.76437094238054,57.210436867976554,35.59762133778007,False,,,,,,,,,,,,,,,,
b393fa748004,v6_formal_v16,constant,early,3.0,9,,146.0,16.0,131.32687094238054,149.99513244628906,115.14898757934569,False,,,,,,,,,,,,,,,,
b4103c50dd99,v6_formal_v16,runs/v4r_s2/v4_pilot/supervised/final_nets.pt,cons,4.0,28,32.0,155.5,9.659024200607607,22.77061944534118,25.02175337110616,13.252892882689597,False,,,,,,,,,,,,,,,,
b50e564b0aad,v6_formal_v16,runs/v4r_s2/v4_pilot/supervised/final_nets.pt,cons,2.0,19,89.0,151.0,15.729522052921366,51.61868168825109,50.045189293307274,30.225164588176312,False,,,,,,,,,,,,,,,,
b538444f6d15,v6_formal_v16,constant,min,3.0,15,120.0,149.0,16.0,83.32687094238054,90.62317506152343,64.6828238022949,False,,,,,,,,,,,,,,,,
b55011ab784c,v6_formal_v16,constant,min,2.0,22,67.0,152.5,16.0,22.764370942380538,24.47285792082414,7.770679232700516,True,34,12,3.578967633249353,12.925186537019272,fallback,9.167754474004324,4.941621064737625,-2.6972844769189894,terminal,5.473256042361754,stop_distance_infeasible,False,feasible,True,feasible,True
b5b04f6d08be,v6_formal_v16,runs/v4r_s1/v4_pilot/supervised/final_nets.pt,cons,2.0,26,56.0,154.5,12.942223704978826,27.425847073536886,34.96668717800134,18.574144602150547,True,37,11,4.77120969414636,12.425670973868364,fallback,6.746390939919735,5.275803682371308,-2.7779024321252344,terminal,6.7991839901542335,stop_distance_infeasible,False,feasible,True,feasible,True
b6dff932503b,v6_formal_v16,constant,cons,3.0,11,150.0,147.0,16.0,115.32687094238054,120.82139465332031,90.35131045532225,False,,,,,,,,,,,,,,,,
bafdb559daf5,v6_formal_v16,runs/v4r_s1/v4_pilot/supervised/final_nets.pt,cons,2.0,12,150.0,147.5,13.924183782190084,118.6770332650135,116.51776559242606,87.9778654811658,True,36,24,4.890744285606368,13.990368932069487,fallback,9.795408353994642,7.103705820374319,-0.989663540973913,terminal,11.132529127688485,stop_distance_infeasible,False,feasible,True,feasible,True
bb4f2e360ad6,v6_formal_v16,runs/v4r_s2/v4_pilot/supervised/final_nets.pt,min,2.0,18,100.0,150.5,16.0,54.76437094238054,57.210436867976554,35.59762133778007,False,,,,,,,,,,,,,,,,
bc01867a0b33,v6_formal_v16,runs/v4r_s2/v4_pilot/supervised/final_nets.pt,min,3.0,26,32.0,154.5,13.609652439470057,12.004476275707635,8.896531967588363,-2.441239291231927,True,27,1,11.859652439470057,32.32575981385298,fallback,12.004476275707635,8.896531967588363,-2.441239291231927,adoption_negative,0.0,stop_distance_infeasible,False,feasible,True,feasible,True
bdc81fc8af31,v6_formal_v16,runs/v4r_s2/v4_pilot/supervised/final_nets.pt,min,2.0,15,120.0,149.0,16.0,78.76437094238054,86.06067506152343,60.120323802294905,False,,,,,,,,,,,,,,,,
bdee3d052ad1,v6_formal_v16,constant,early,4.0,9,,146.0,16.0,133.63937094238054,152.30763244628906,117.46148757934569,False,,,,,,,,,,,,,,,,
be14720708c0,v6_formal_v16,runs/v4r/v4_pilot/supervised/final_nets.pt,cons,3.0,24,56.0,153.5,12.777456181546013,33.733286895893556,39.59518546860966,23.801153503501165,False,,,,,,,,,,,,,,,,
c0a60076962e,v6_formal_v16,constant,cons,4.0,26,44.0,154.5,11.80833945899134,25.7282112037165,32.371891385040044,18.32145999203785,False,,,,,,,,,,,,,,,,
c187be455478,v6_formal_v16,constant,min,3.0,19,89.0,151.0,16.0,51.32687094238054,49.739854650082805,29.932001452570375,True,34,15,3.5993419147551142,14.790259122100451,fallback,12.158384255178323,4.95127283089417,-2.521774967384924,terminal,5.974948818040957,stop_distance_infeasible,False,feasible,True,feasible,True
c24d693402b3,v6_formal_v16,constant,min,2.0,20,78.0,151.5,16.0,38.76437094238054,31.16490583204188,13.458919957235594,False,,,,,,,,,,,,,,,,
c24dc32096ae,v6_formal_v16,constant,min,2.0,15,120.0,149.0,16.0,78.76437094238054,86.06067506152343,60.120323802294905,False,,,,,,,,,,,,,,,,
c27a62898933,v6_formal_v16,runs/v4r_s1/v4_pilot/supervised/final_nets.pt,cons,4.0,26,56.0,154.5,12.942223704978826,34.28157447398134,41.82241457844579,25.429872002594998,True,37,11,4.615461563969007,12.408870007108362,fallback,7.799727816694941,6.010601566426653,-1.9925060198515139,terminal,6.657073586930892,stop_distance_infeasible,False,feasible,True,feasible,True
c29765ad98e5,v6_formal_v16,runs/v4r/v4_pilot/supervised/final_nets.pt,min,3.0,18,100.0,150.5,16.0,59.37567236403402,61.777197161812865,40.16374258754094,False,,,,,,,,,,,,,,,,
c37f0276ca8b,v6_formal_v16,runs/v4r_s1/v4_pilot/supervised/final_nets.pt,cons,4.0,24,67.0,153.5,12.572992892190815,48.51610602371811,53.45243220033481,35.53692546887348,True,37,13,4.615461563969007,12.408870007108362,fallback,7.799727816694941,6.010601566426653,-1.9925060198515139,terminal,6.657073586930892,stop_distance_infeasible,False,feasible,True,feasible,True
c38af4b84810,v6_formal_v16,constant,cons,2.0,18,100.0,150.5,16.0,54.76437094238054,57.210436867976554,35.59762133778007,False,,,,,,,,,,,,,,,,
c43bd70f69b0,v6_formal_v16,runs/v4r_s2/v4_pilot/supervised/final_nets.pt,min,4.0,26,32.0,154.5,13.789049515791618,11.14947651992577,8.141214518724809,-3.181522368558884,True,27,1,12.039049515791618,32.03614982519639,fallback,11.14947651992577,8.141214518724809,-3.181522368558884,adoption_negative,0.0,stop_distance_infeasible,False,feasible,True,feasible,True
c82a5a49901a,v6_formal_v16,constant,min,3.0,18,100.0,150.5,16.0,59.32687094238054,61.772936867976554,40.16012133778007,False,,,,,,,,,,,,,,,,
c85c389142d3,v6_formal_v16,runs/v4r/v4_pilot/supervised/final_nets.pt,cons,2.0,28,32.0,155.5,9.525409315145493,22.934867970933386,23.87130928203489,12.242571198336766,True,35,7,4.146689886605502,12.724688787744526,fallback,8.287534752465413,5.520685474661001,-2.3375107846363807,terminal,4.188498675477149,stop_distance_infeasible,False,feasible,True,feasible,True
c88663cb98f5,v6_formal_v16,runs/v4r_s2/v4_pilot/supervised/final_nets.pt,min,2.0,20,78.0,151.5,16.0,38.76437094238054,31.16490583204188,13.458919957235594,False,,,,,,,,,,,,,,,,
c8ca054ad315,v6_formal_v16,runs/v4r_s1/v4_pilot/supervised/final_nets.pt,cons,3.0,24,67.0,153.5,12.572992892190815,46.10360595293758,51.03993212955428,33.124425398092946,False,,,,,,,,,,,,,,,,
c9b5b40dd11d,v6_formal_v16,runs/v4r_s2/v4_pilot/supervised/final_nets.pt,min,3.0,18,100.0,150.5,16.0,59.32687094238054,61.772936867976554,40.16012133778007,False,,,,,,,,,,,,,,,,
c9c85ae5d72f,v6_formal_v16,runs/v4r_s1/v4_pilot/supervised/final_nets.pt,cons,2.0,23,78.0,153.0,12.38837748579681,52.198062764372935,52.37463792286789,34.2370424549503,True,37,14,5.390145599621885,12.354542537492307,fallback,7.185095574509935,7.1970721854119155,-1.0697978780452395,later_highspeed,5.85932380486156,stop_distance_infeasible,False,feasible,True,feasible,True
cb50b34c7989,v6_formal_v16,runs/v4r/v4_pilot/supervised/final_nets.pt,cons,2.0,19,89.0,151.0,15.729867379053871,51.66256221251638,50.04280730591424,30.222414714013965,True,35,16,4.146689886605502,12.724688787744526,fallback,8.287534752465413,5.520685474661001,-2.3375107846363807,terminal,6.0614070962169535,stop_distance_infeasible,False,feasible,True,feasible,True
cf442c1b5f69,v6_formal_v16,runs/v4r/v4_pilot/supervised/final_nets.pt,cons,4.0,28,32.0,155.5,9.659027856631713,22.818986306371812,25.02175883841236,13.252896021789923,False,,,,,,,,,,,,,,,,
d12a0618dc6f,v6_formal_v16,runs/v4r_s2/v4_pilot/supervised/final_nets.pt,cons,3.0,18,100.0,150.5,16.0,59.32687094238054,61.772936867976554,40.16012133778007,False,,,,,,,,,,,,,,,,
d17d09ec0056,v6_formal_v16,runs/v4r_s2/v4_pilot/supervised/final_nets.pt,cons,4.0,24,56.0,153.5,12.773156102961147,34.57016900262077,40.57620358733374,24.785855870714162,False,,,,,,,,,,,,,,,,
d37ac2cd6acb,v6_formal_v16,runs/v4r/v4_pilot/supervised/final_nets.pt,min,2.0,23,56.0,153.0,15.987955186632462,15.042023818017242,15.315803804743247,0.021059271627962062,True,26,3,12.873371819755041,39.505963849198,fallback,15.042023818017242,11.185868838831517,-1.1867488934072696,later_highspeed,9.387791015625226,stop_distance_infeasible,False,feasible,True,feasible,True
d402086daa3f,v6_formal_v16,runs/v4r_s2/v4_pilot/supervised/final_nets.pt,cons,3.0,15,120.0,149.0,16.0,83.32687094238054,90.62317506152343,64.6828238022949,False,,,,,,,,,,,,,,,,
d844da9eca44,v6_formal_v16,runs/v4r_s2/v4_pilot/supervised/final_nets.pt,early,3.0,9,,146.0,16.0,131.32687094238054,149.99513244628906,115.14898757934569,False,,,,,,,,,,,,,,,,
d93bd5f60705,v6_formal_v16,runs/v4r_s1/v4_pilot/supervised/final_nets.pt,cons,4.0,12,150.0,147.5,13.924183782190084,122.7120138498808,120.55274617729336,92.01284606603309,False,,,,,,,,,,,,,,,,
d94f9b78f92f,v6_formal_v16,runs/v4r_s1/v4_pilot/supervised/final_nets.pt,min,4.0,19,100.0,151.0,12.931288151070476,79.52847022447668,79.39225495575293,57.50362820638806,True,37,18,4.331537456879983,12.849285012960536,fallback,7.625568668529739,4.659292155598192,-3.2136494286721673,terminal,6.278261595956337,stop_distance_infeasible,False,feasible,True,feasible,True
da697250fc83,v6_formal_v16,runs/v4r_s2/v4_pilot/supervised/final_nets.pt,cons,2.0,18,100.0,150.5,16.0,54.76437094238054,57.210436867976554,35.59762133778007,False,,,,,,,,,,,,,,,,
db21bc448e38,v6_formal_v16,runs/v4r_s1/v4_pilot/supervised/final_nets.pt,cons,4.0,23,78.0,153.0,12.38837748579681,56.63435922133203,56.81093437982699,38.6733389119094,False,,,,,,,,,,,,,,,,
dc20076761a7,v6_formal_v16,runs/v4r/v4_pilot/supervised/final_nets.pt,cons,2.0,22,67.0,152.5,12.919469516215486,46.266156335322364,48.948735824066645,31.706043473582156,True,35,13,4.146689886605502,12.724688787744526,fallback,8.287534752465413,5.520685474661001,-2.3375107846363807,terminal,4.188498675477149,stop_distance_infeasible,False,feasible,True,feasible,True
dd4dfd5203df,v6_formal_v16,constant,cons,3.0,28,32.0,155.5,9.65961165505209,22.760599369356488,24.897631945284555,13.128397345782883,False,,,,,,,,,,,,,,,,
ddbd96244e0e,v6_formal_v16,constant,cons,3.0,18,100.0,150.5,16.0,59.32687094238054,61.772936867976554,40.16012133778007,False,,,,,,,,,,,,,,,,
df64cc712fce,v6_formal_v16,runs/v4r_s1/v4_pilot/supervised/final_nets.pt,cons,4.0,28,44.0,155.5,11.459431328761587,30.475933476509166,33.07127750082826,19.280363102932743,True,37,9,4.615461563969007,12.408870007108362,fallback,7.799727816694941,6.010601566426653,-1.9925060198515139,terminal,6.657073586930892,stop_distance_infeasible,False,feasible,True,feasible,True
e14c0a208fe3,v6_formal_v16,runs/v4r_s1/v4_pilot/supervised/final_nets.pt,cons,2.0,19,100.0,151.0,12.931288151070476,74.39346080239329,74.25724553366955,52.36861878430467,False,,,,,,,,,,,,,,,,
e2be5714fe44,v6_formal_v16,runs/v4r_s1/v4_pilot/supervised/final_nets.pt,cons,4.0,21,89.0,152.0,12.659832818433642,68.13448058803033,70.04144386057159,49.76567440272977,False,,,,,,,,,,,,,,,,
e2dbe92529b4,v6_formal_v16,runs/v4r/v4_pilot/supervised/final_nets.pt,early,3.0,9,,146.0,16.0,131.32687094238054,149.99513244628906,115.14898757934569,False,,,,,,,,,,,,,,,,
e3abeadbbd0c,v6_formal_v16,runs/v4r_s1/v4_pilot/supervised/final_nets.pt,min,4.0,24,67.0,153.5,12.572992892190815,48.51610602371811,53.45243220033481,35.53692546887348,True,37,13,4.615461563969007,12.408870007108362,fallback,7.799727816694941,6.010601566426653,-1.9925060198515139,terminal,6.657073586930892,stop_distance_infeasible,False,feasible,True,feasible,True
e40dd96b8d24,v6_formal_v16,runs/v4r_s2/v4_pilot/supervised/final_nets.pt,cons,3.0,28,32.0,155.5,9.65961165505209,22.760599369356488,24.897631945284555,13.128397345782883,False,,,,,,,,,,,,,,,,
e413443d5db9,v6_formal_v16,constant,cons,2.0,11,150.0,147.0,16.0,110.76437094238054,116.25889465332031,85.78881045532225,False,,,,,,,,,,,,,,,,
e7fc13335178,v6_formal_v16,runs/v4r_s1/v4_pilot/supervised/final_nets.pt,cons,3.0,23,78.0,153.0,12.38837748579681,55.29154222028728,55.46811737878224,37.33052191086465,True,37,14,6.190315045954404,11.70150019282437,fallback,3.418193929365639,5.638198645369592,-2.932879582252534,later_highspeed,5.874732708191914,stop_distance_infeasible,False,feasible,True,feasible,True
e9416b372d51,v6_formal_v16,runs/v4r/v4_pilot/supervised/final_nets.pt,early,2.0,9,,146.0,16.0,126.76437094238054,145.43263244628906,110.58648757934569,False,,,,,,,,,,,,,,,,
ecb5e06cc2b8,v6_formal_v16,runs/v4r_s1/v4_pilot/supervised/final_nets.pt,cons,3.0,21,89.0,152.0,12.659832818433642,66.76309550356518,68.67005877610644,48.394289318264626,True,37,16,6.1905513136697925,11.711945432030461,fallback,3.43155287230743,5.64172106878244,-2.929451750503871,later_highspeed,5.873311059187017,stop_distance_infeasible,False,feasible,True,feasible,True
ecd883ec1f0f,v6_formal_v16,runs/v4r_s1/v4_pilot/supervised/final_nets.pt,min,3.0,12,150.0,147.5,13.924183782190084,121.67153327528786,119.51226560270041,90.97236549144014,False,,,,,,,,,,,,,,,,
ee3644fcfb27,v6_formal_v16,runs/v4r/v4_pilot/supervised/final_nets.pt,min,4.0,20,78.0,151.5,16.0,45.68817236403402,38.04143953782295,20.3352236071495,True,35,15,4.144760657166271,12.740145646652763,fallback,10.465888937032581,7.680653372875305,-0.17696939700556236,terminal,6.7407812797187034,stop_distance_infeasible,False,feasible,True,feasible,True
ef4b7b400d32,v6_formal_v16,runs/v4r_s1/v4_pilot/supervised/final_nets.pt,min,2.0,19,100.0,151.0,12.931288151070476,74.39346080239329,74.25724553366955,52.36861878430467,False,,,,,,,,,,,,,,,,
f09741cac732,v6_formal_v16,runs/v4r/v4_pilot/supervised/final_nets.pt,min,3.0,20,78.0,151.5,16.0,43.37567236403402,35.72893953782295,18.0227236071495,True,34,14,3.9281373549251555,14.630927787968176,fallback,11.91067443648081,5.452983853120364,-2.133237029190151,terminal,7.621295137502784,stop_distance_infeasible,False,feasible,True,feasible,True
f4e1ca0c6dd6,v6_formal_v16,constant,cons,4.0,28,32.0,155.5,9.659024200607607,22.77061944534118,25.02175337110616,13.252892882689597,False,,,,,,,,,,,,,,,,
f639b36fdbe7,v6_formal_v16,runs/v4r_s2/v4_pilot/supervised/final_nets.pt,min,2.0,11,150.0,147.0,16.0,110.76437094238054,116.25889465332031,85.78881045532225,False,,,,,,,,,,,,,,,,
f8b7a38382c5,v6_formal_v16,runs/v4r_s1/v4_pilot/supervised/final_nets.pt,min,4.0,30,32.0,156.5,12.60602535763756,12.237336568892513,15.742592107708699,3.875437458474206,False,,,,,,,,,,,,,,,,
f94adc878b90,v6_formal_v16,runs/v4r_s1/v4_pilot/supervised/final_nets.pt,min,3.0,19,100.0,151.0,12.931288151070476,77.88343555795427,77.74722028923053,55.85859353986565,False,,,,,,,,,,,,,,,,
fa98d4d5d34f,v6_formal_v16,constant,min,4.0,18,100.0,150.5,16.0,61.63937094238054,64.08543686797655,42.47262133778007,False,,,,,,,,,,,,,,,,
faac6d5998d4,v6_formal_v16,runs/v4r_s1/v4_pilot/supervised/final_nets.pt,min,4.0,16,120.0,149.5,13.085871535819024,98.42300645064961,109.72116736411976,83.19045372265073,True,37,21,4.331539699921386,12.81551044752041,fallback,7.591806916214875,4.680960731379299,-3.1952293855175355,terminal,9.446102783265815,stop_distance_infeasible,False,feasible,True,feasible,True
fc0777f1122c,v6_formal_v16,runs/v4r/v4_pilot/supervised/final_nets.pt,min,4.0,26,32.0,154.5,13.789081307571978,11.198111286848125,8.141140269070426,-3.1816045558333244,True,27,1,12.039081307571978,32.084895863350084,fallback,11.198111286848125,8.141140269070426,-3.1816045558333244,adoption_negative,0.0,stop_distance_infeasible,False,feasible,True,feasible,True
fcc10fea514c,v6_formal_v16,runs/v4r_s2/v4_pilot/supervised/final_nets.pt,min,4.0,22,67.0,152.5,16.0,29.639370942380538,31.34785792082414,14.645679232700516,True,44,22,0.05601392898283675,5.863141350713704,fallback,5.877144832959614,7.05910760419107,-0.004737428876466859,terminal,11.742296569705559,stop_distance_infeasible,False,feasible,True,feasible,True
fe2edba46631,v6_formal_v16,constant,min,4.0,15,120.0,149.0,16.0,85.63937094238054,92.93567506152343,66.9953238022949,False,,,,,,,,,,,,,,,,
fe87bac170b6,v6_formal_v16,runs/v4r_s2/v4_pilot/supervised/final_nets.pt,cons,3.0,11,150.0,147.0,16.0,115.32687094238054,120.82139465332031,90.35131045532225,False,,,,,,,,,,,,,,,,
fef4b60f0e83,v6_formal_v16,runs/v4r_s1/v4_pilot/supervised/final_nets.pt,min,2.0,16,120.0,149.5,13.085871535819024,93.24935118237909,104.54751209584924,78.0167984543802,False,,,,,,,,,,,,,,,,
