tag,policy,jerk,info,d_adopt_target,branch_id,adoption_found,adoption_before_approach_end,t_info,v,a,d_true,d_est,backup_distance,release_margin,m_true,m_est,phase,truth,approach_override,subsequent_approach_override
v6_formal_v22,constant,4.0,cons,67.0000000000002,02b7a605afda,True,True,145.0,13.446942079418173,-1.2126879409948685,76.24650845767292,72.71322963332537,26.51397842830731,13.446942079418173,49.732530029365606,46.19925120501806,red,red,False,False
v6_formal_v22,runs/v4r_s2/v4_pilot/supervised/final_nets.pt,3.0,min,56.0000000000002,02cae198ded8,True,True,144.5,18.796473213562017,-3.5,66.24977917996421,72.65798012483371,50.69310267459112,17.546473213562017,15.55667650537309,21.964877450242597,red,red,True,False
v6_formal_v22,constant,3.0,min,100.0000000000002,03f844fe29ae,True,True,142.5,22.22222222222222,0.0,108.75048205348412,114.08485678352865,78.50000000000003,22.22222222222222,30.25048205348409,35.58485678352862,red,red,False,False
v6_formal_v22,constant,4.0,min,78.0000000000002,0548319f4a0b,True,True,143.5,21.848852921018583,-0.7467386024072766,86.6216021565624,90.66388023666318,70.62148585409807,21.848852921018583,16.000116302464335,20.042394382565107,red,red,True,True
v6_formal_v22,constant,3.0,cons,89.0000000000002,0694ddeb1271,True,True,143.5,16.77320990431456,-2.926107605620814,97.9879068003147,100.49922228070201,40.42274704549415,16.060156101504152,57.565159754820556,60.076475235207866,red,red,False,False
v6_formal_v22,runs/v4r_s1/v4_pilot/supervised/final_nets.pt,2.0,cons,120.0000000000002,072dcca48582,True,True,142.0,16.802866329824266,-2.0191500186920166,127.25726887576093,152.02917918597672,41.9063503547278,16.28371631113225,85.35091852103312,110.12282883124891,red,red,True,True
v6_formal_v22,runs/v4r_s1/v4_pilot/supervised/final_nets.pt,4.0,cons,100.0000000000002,073391fa95e9,True,True,143.5,15.401199626176197,-0.7592810839414597,103.80255513182419,114.79104437694818,35.62942601441728,15.401199626176197,68.17312911740692,79.1616183625309,red,red,True,True
v6_formal_v22,constant,4.0,cons,150.0000000000002,0a60e20cfd92,True,True,140.5,20.622573912962945,-0.455533969251249,154.78077923756155,156.23156062958424,63.92578331618032,20.622573912962945,90.85499592138123,92.30577731340392,red,red,False,False
v6_formal_v22,runs/v4r_s1/v4_pilot/supervised/final_nets.pt,3.0,min,56.0000000000002,0ac77d018bd8,True,True,146.0,14.209843261374367,-0.6520553529262543,60.69925405756385,59.469813770329374,31.71272315498855,14.209843261374367,28.9865309025753,27.757090615340825,red,red,False,False
v6_formal_v22,runs/v4r_s1/v4_pilot/supervised/final_nets.pt,4.0,cons,150.0000000000002,0cad23f8797e,True,True,140.5,19.772785986213524,-2.1551098227500916,154.99322621924875,156.48649700760905,56.00032292417437,19.69523107483848,98.99290329507438,100.48617408343468,red,red,False,False
v6_formal_v22,runs/v4r_s1/v4_pilot/supervised/final_nets.pt,2.0,min,150.0000000000002,0cb4ac07cddb,True,True,140.5,21.72222222222222,-1.0,153.31992649792937,154.31260152180988,73.88194444444447,21.72222222222222,79.4379820534849,80.43065707736541,red,red,True,True
v6_formal_v22,runs/v4r_s1/v4_pilot/supervised/final_nets.pt,2.0,min,120.0000000000002,0d7df33d10a2,True,True,142.0,18.346932960881126,-2.375289261341095,123.17423779526598,147.26215728295165,48.8831748912732,17.47164369954003,74.29106290399278,98.37898239167845,red,red,False,False
v6_formal_v22,constant,4.0,cons,44.0000000000002,0d8d8c7eafc8,True,True,147.0,11.294992791853044,-1.6429802206145112,51.241705573937,61.05458791699232,18.333726573522398,11.294992791853044,32.9079790004146,42.72086134346992,red,red,False,False
v6_formal_v22,runs/v4r/v4_pilot/supervised/final_nets.pt,2.0,cons,120.0000000000002,0ec26bcd4aa3,True,True,142.0,18.48860534707975,-0.837496429681778,125.65192031244806,148.02181959647828,55.187347260529755,18.48860534707975,70.46457305191831,92.83447233594853,red,red,False,False
v6_formal_v22,constant,3.0,min,89.0000000000002,10646af7b13d,True,True,143.0,22.22222222222222,0.0,97.6393709423728,103.10500546009115,78.50000000000003,22.22222222222222,19.13937094237278,24.60500546009112,red,red,True,True
v6_formal_v22,runs/v4r_s2/v4_pilot/supervised/final_nets.pt,2.0,min,120.0000000000002,10e1cd662c48,True,True,141.5,22.22222222222222,0.0,130.97270427570675,139.2276950764974,84.86805555555559,22.22222222222222,46.10464872015116,54.359639520941826,red,red,True,True
v6_formal_v22,runs/v4r_s1/v4_pilot/supervised/final_nets.pt,4.0,min,120.0000000000002,111ac26d3e46,True,True,142.0,17.65928833021058,-2.375289261341095,124.28379358360417,147.8670930093797,44.733941651052916,17.47164369954003,79.54985193255125,103.13315135832677,red,red,False,False
v6_formal_v22,runs/v4r_s1/v4_pilot/supervised/final_nets.pt,3.0,min,150.0000000000002,11ba507fe3bf,True,True,140.5,21.47222222222222,-1.5,153.38242649792937,154.3876015218099,67.57638888888891,21.47222222222222,85.80603760904046,86.81121263292098,red,red,True,True
v6_formal_v22,runs/v4r_s2/v4_pilot/supervised/final_nets.pt,2.0,early,,1300f8288caf,True,True,139.0,22.22222222222222,0.0,186.5282598312633,179.2111053466797,84.86805555555559,22.22222222222222,101.66020427570773,94.3430497911241,red,red,True,True
v6_formal_v22,runs/v4r_s2/v4_pilot/supervised/final_nets.pt,4.0,min,56.0000000000002,149d42957188,True,True,144.5,18.796333595281364,-3.5,66.18713872984654,72.6444941862215,50.62983477404751,18.046333595281364,15.557303955799028,22.014659412173984,red,red,True,True
v6_formal_v22,constant,3.0,cons,44.0000000000002,14f8c89a577a,True,True,147.0,11.279907971309445,-1.6236527613418268,51.159182234221134,48.15254016482263,18.974221764742957,11.218081590638532,32.18496046947818,29.178318400079675,red,red,False,False
v6_formal_v22,runs/v4r_s2/v4_pilot/supervised/final_nets.pt,3.0,min,78.0000000000002,1699c052af5c,True,True,143.5,21.72336259336185,-0.9977192577207461,86.65297473847659,90.70152733496019,70.65285843534934,21.72336259336185,16.000116303127243,20.048668899610846,red,red,True,True
v6_formal_v22,runs/v4r_s1/v4_pilot/supervised/final_nets.pt,3.0,min,78.0000000000002,171d06b54227,True,True,144.5,15.187926290763748,-0.6520553529262543,82.74758122166804,77.75966547547034,36.02255068346858,15.187926290763748,46.72503053819946,41.73711479200176,red,red,False,False
v6_formal_v22,runs/v4r/v4_pilot/supervised/final_nets.pt,4.0,cons,44.0000000000002,176c6f4ec527,True,True,147.0,11.153052958844594,-1.0165635835662208,52.117482274190934,60.21231479681577,18.5975767408956,11.153052958844594,33.51990553329533,41.61473805592017,red,red,False,False
v6_formal_v22,constant,3.0,min,78.0000000000002,182f0c763eaa,True,True,143.5,21.72336259336185,-0.9977192577207461,86.65297473847659,90.70152733496019,70.65285843534934,21.72336259336185,16.000116303127243,20.048668899610846,red,red,True,True
v6_formal_v22,runs/v4r/v4_pilot/supervised/final_nets.pt,4.0,early,,190376f19ace,True,True,139.0,22.22222222222222,0.0,186.5282598312633,179.2111053466797,75.38194444444446,22.22222222222222,111.14631538681886,103.82916090223523,red,red,False,False
v6_formal_v22,runs/v4r_s1/v4_pilot/supervised/final_nets.pt,2.0,cons,150.0000000000002,1909728ec7d6,True,True,140.5,19.83159135786229,-2.0191500186920166,154.73311214152636,156.41650681158288,57.97898775630513,19.312441339170274,96.75412438522123,98.43751905527775,red,red,True,True
v6_formal_v22,constant,4.0,min,56.0000000000002,19d7ede23ce9,True,True,144.5,18.796333595281364,-3.5,66.18713872984654,72.6444941862215,50.62983477404751,18.046333595281364,15.557303955799028,22.014659412173984,red,red,True,True
v6_formal_v22,runs/v4r_s2/v4_pilot/supervised/final_nets.pt,3.0,early,,1a51384df45e,True,True,139.0,22.22222222222222,0.0,186.5282598312633,179.2111053466797,78.50000000000003,22.22222222222222,108.02825983126328,100.71110534667966,red,red,False,False
v6_formal_v22,runs/v4r_s2/v4_pilot/supervised/final_nets.pt,3.0,cons,89.0000000000002,1a552d076f43,True,True,143.5,16.77320990431456,-2.926107605620814,97.9879068003147,100.49922228070201,40.42274704549415,16.060156101504152,57.565159754820556,60.076475235207866,red,red,False,False
v6_formal_v22,runs/v4r_s1/v4_pilot/supervised/final_nets.pt,4.0,cons,78.0000000000002,1d9ac33d8def,True,True,144.5,14.71907250061496,-0.604973167181015,88.76170755802377,84.26889551418799,32.887758272507654,14.71907250061496,55.87394928551612,51.381137241680335,red,red,True,True
v6_formal_v22,runs/v4r_s2/v4_pilot/supervised/final_nets.pt,3.0,min,67.0000000000002,1ed854a27380,True,True,144.0,20.546473213562017,-2.3537787595996633,76.08551578674542,77.01058161464188,60.52883928137213,20.119583833762185,15.55667650537329,16.48174233326975,red,red,True,True
v6_formal_v22,runs/v4r/v4_pilot/supervised/final_nets.pt,2.0,min,44.0000000000002,1fb448dbd8df,True,True,146.0,15.586949503256214,-1.939516098704189,51.85943346676231,57.968612550115274,36.39480105490655,15.11719145390412,15.46463241185576,21.573811495208723,red,red,True,True
v6_formal_v22,runs/v4r_s2/v4_pilot/supervised/final_nets.pt,3.0,min,100.0000000000002,2029ab1c6b6a,True,True,142.5,22.22222222222222,0.0,108.75048205348412,114.08485678352865,78.50000000000003,22.22222222222222,30.25048205348409,35.58485678352862,red,red,False,False
v6_formal_v22,runs/v4r/v4_pilot/supervised/final_nets.pt,2.0,cons,100.0000000000002,216cec629308,True,True,143.0,17.355915736956117,-1.6326896101236343,107.60465977042986,110.6107100327618,45.589440860736964,17.0395709318943,62.0152189096929,65.02126917202483,red,red,True,True
v6_formal_v22,runs/v4r/v4_pilot/supervised/final_nets.pt,3.0,cons,100.0000000000002,21e65a2871fe,True,True,143.0,17.324929978120487,-1.6225173628267555,107.87190962909654,110.64433290004979,44.0211711538889,17.26367129670711,63.850738475207635,66.62316174616089,red,red,False,False
v6_formal_v22,runs/v4r_s1/v4_pilot/supervised/final_nets.pt,2.0,cons,67.0000000000002,284bd8cc722c,True,True,145.5,13.532462025159296,-0.9276254387729175,74.05224888007706,73.81157811935373,30.534368211528562,13.532462025159296,43.5178806685485,43.27720990782517,red,red,False,False
v6_formal_v22,runs/v4r_s2/v4_pilot/supervised/final_nets.pt,3.0,cons,120.0000000000002,29ad3ace2900,True,True,142.0,18.91237131274578,0.018372120478659326,125.5020927131095,147.87318984013464,57.96758868080119,18.91237131274578,67.53450403230832,89.90560115933346,red,red,False,False
v6_formal_v22,constant,2.0,min,120.0000000000002,29fe54a0ad7c,True,True,141.5,22.22222222222222,0.0,130.97270427570675,139.2276950764974,84.86805555555559,22.22222222222222,46.10464872015116,54.359639520941826,red,red,True,True
v6_formal_v22,runs/v4r/v4_pilot/supervised/final_nets.pt,3.0,min,56.0000000000002,2a0a5f6bfa79,True,True,145.5,16.75612611344291,-1.045444855466485,60.1550948413269,59.255964205811594,42.54769903548167,16.75612611344291,17.60739580584523,16.708265170329923,red,red,True,True
v6_formal_v22,runs/v4r_s1/v4_pilot/supervised/final_nets.pt,3.0,min,100.0000000000002,2a60ebc03655,True,True,143.0,16.711621148718727,-1.1976671814918518,106.5358388441391,110.688225302259,41.963646187550495,16.711621148718727,64.57219265658861,68.7245791147085,red,red,True,True
v6_formal_v22,runs/v4r_s2/v4_pilot/supervised/final_nets.pt,2.0,min,56.0000000000002,2c2344c89b18,True,True,144.5,18.76884543598667,-3.2324777849202633,66.58186707650611,72.8424927356315,50.791149897926665,16.920128758606275,15.790717178579449,22.05134283770483,red,red,True,True
v6_formal_v22,constant,3.0,early,,2cf42b61de6d,True,True,139.0,22.22222222222222,0.0,186.5282598312633,179.2111053466797,78.50000000000003,22.22222222222222,108.02825983126328,100.71110534667966,red,red,False,False
v6_formal_v22,runs/v4r_s2/v4_pilot/supervised/final_nets.pt,4.0,min,150.0000000000002,2e26116efd05,True,True,140.5,22.22222222222222,0.0,153.19492649792937,154.1626015218099,75.38194444444446,22.22222222222222,77.81298205348492,78.78065707736545,red,red,True,True
v6_formal_v22,runs/v4r_s2/v4_pilot/supervised/final_nets.pt,4.0,cons,120.0000000000002,307c7a4f12e3,True,True,142.0,18.979027770921032,0.14395100214189682,125.67505182739478,147.87313865286836,55.950024120688184,18.979027770921032,69.7250277067066,91.92311453218018,red,red,False,False
v6_formal_v22,runs/v4r_s2/v4_pilot/supervised/final_nets.pt,4.0,min,89.0000000000002,30e50eaf6c06,True,True,143.0,22.22222222222222,0.0,97.6393709423728,103.10500546009115,75.38194444444446,22.22222222222222,22.25742649792835,27.723061015646692,red,red,False,False
v6_formal_v22,runs/v4r/v4_pilot/supervised/final_nets.pt,2.0,min,150.0000000000002,314225c8012d,True,True,140.5,21.72222222222222,-1.0,153.31992649792937,154.31260152180988,73.88194444444447,21.72222222222222,79.4379820534849,80.43065707736541,red,red,False,False
v6_formal_v22,runs/v4r/v4_pilot/supervised/final_nets.pt,2.0,cons,150.0000000000002,33229ec8646b,True,True,140.5,20.42241815236741,-0.837496429681778,154.58540544290008,156.23925877323134,66.5745089816261,20.42241815236741,88.01089646127399,89.66474979160525,red,red,False,False
v6_formal_v22,runs/v4r_s1/v4_pilot/supervised/final_nets.pt,3.0,min,120.0000000000002,337fa6ff19b7,True,True,142.0,17.90928833021058,-2.375289261341095,123.84629358360417,147.53569232578596,46.046441651052916,17.47164369954003,77.79985193255125,101.48925067473304,red,red,False,False
v6_formal_v22,runs/v4r_s2/v4_pilot/supervised/final_nets.pt,4.0,min,120.0000000000002,356176a93ee0,True,True,141.5,22.22222222222222,0.0,130.97270427570675,139.2276950764974,75.38194444444446,22.22222222222222,55.59075983126229,63.845750632052955,red,red,True,True
v6_formal_v22,runs/v4r_s1/v4_pilot/supervised/final_nets.pt,2.0,cons,78.0000000000002,369efa07a4b0,True,True,144.5,14.730413583492574,-0.4682776778936386,88.1161051545132,82.90449303998979,37.6597984542279,14.730413583492574,50.45630670028531,45.24469458576189,red,red,False,False
v6_formal_v22,runs/v4r_s2/v4_pilot/supervised/final_nets.pt,2.0,min,100.0000000000002,36b85662bfa6,True,True,142.5,22.22222222222222,0.0,108.75048205348412,114.08485678352865,84.86805555555559,22.22222222222222,23.882426497928535,29.216801227973065,red,red,False,False
v6_formal_v22,runs/v4r/v4_pilot/supervised/final_nets.pt,2.0,min,89.0000000000002,37d15d32bc8c,True,True,143.5,18.28100372871591,-0.15583479218184948,95.17694463000134,99.1989162274707,58.32201049875263,18.28100372871591,36.85493413124871,40.87690572871807,red,red,False,False
v6_formal_v22,runs/v4r_s2/v4_pilot/supervised/final_nets.pt,4.0,cons,100.0000000000002,39dc2f00a3bf,True,True,143.0,17.919600360704724,-2.0594274102163084,106.97573776158197,110.15231753767019,46.035501803523616,17.88988665559657,60.94023595805835,64.11681573414657,red,red,False,False
v6_formal_v22,constant,3.0,cons,67.0000000000002,3a69b7b3d29f,True,True,145.0,12.937271076567898,-1.7488235336562035,75.93639782828404,71.96261520935984,24.579325353231255,12.812859309739796,51.35707247505279,47.383289856128584,red,red,False,False
v6_formal_v22,runs/v4r_s1/v4_pilot/supervised/final_nets.pt,2.0,min,100.0000000000002,3b1893c96211,True,True,143.0,16.99160303009881,-1.3353706002235413,105.5099596324153,109.26701714835598,44.82384744948811,16.823917729987038,60.68611218292719,64.44316969886786,red,red,False,False
v6_formal_v22,runs/v4r_s1/v4_pilot/supervised/final_nets.pt,2.0,min,44.0000000000002,3cd06d79793a,True,True,146.5,14.130931804629249,-0.3005562489852309,52.14556410999194,58.9822473967493,35.898564220289686,14.130931804629249,16.246999889702252,23.083683176459616,red,red,True,True
v6_formal_v22,runs/v4r/v4_pilot/supervised/final_nets.pt,3.0,cons,67.0000000000002,3cf6279a3660,True,True,145.0,13.673949928562147,-1.9317004945487746,76.76548084162232,74.09375206954643,27.073861286969645,13.45809968128776,49.691619554652675,47.01989078257678,red,red,True,True
v6_formal_v22,constant,2.0,cons,56.0000000000002,433870f5d94a,True,True,146.0,12.0950480946451,-0.8498261340827504,61.338299147613725,64.10651928578629,25.094495419150178,12.0950480946451,36.24380372846355,39.01202386663611,red,red,True,True
v6_formal_v22,runs/v4r_s1/v4_pilot/supervised/final_nets.pt,4.0,min,100.0000000000002,457071fb4542,True,True,143.0,16.541411442889107,-1.1178768873214722,107.18344369705392,110.89641133362629,40.05648135724995,16.541411442889107,67.12696233980397,70.83992997637634,red,red,False,False
v6_formal_v22,runs/v4r_s1/v4_pilot/supervised/final_nets.pt,2.0,cons,100.0000000000002,460eb1b0b877,True,True,143.0,15.850378354465303,-0.8858259320259094,110.94731204444906,122.22926055023063,41.14953697260008,15.850378354465303,69.79777507184897,81.07972357763055,red,red,True,True
v6_formal_v22,constant,4.0,cons,120.0000000000002,4613735256cc,True,True,142.0,18.979027770921032,0.14395100214189682,125.67505182739478,147.87313865286836,55.950024120688184,18.979027770921032,69.7250277067066,91.92311453218018,red,red,False,False
v6_formal_v22,runs/v4r_s2/v4_pilot/supervised/final_nets.pt,4.0,cons,44.0000000000002,46815ddb2e68,True,True,147.0,11.294992791853044,-1.6429802206145112,51.241705573937,61.05458791699232,18.333726573522398,11.294992791853044,32.9079790004146,42.72086134346992,red,red,False,False
v6_formal_v22,constant,2.0,min,89.0000000000002,46d25895a9ab,True,True,143.0,22.026662908352186,-0.3911186277400702,97.68826077084032,103.16367325425216,79.90990698171666,22.026662908352186,17.778353789123656,23.2537662725355,red,red,False,False
v6_formal_v22,runs/v4r/v4_pilot/supervised/final_nets.pt,3.0,cons,78.0000000000002,47b62ca4436c,True,True,144.5,14.639800175836534,-2.3626780627314936,83.84391836772193,80.38310064659802,30.84415074730527,14.208461144470787,52.999767620416655,49.53894989929275,red,red,True,True
v6_formal_v22,runs/v4r_s2/v4_pilot/supervised/final_nets.pt,3.0,cons,56.0000000000002,49b8f4cd0a0f,True,True,146.0,12.541248002467874,-0.5432226145438435,63.16033840365526,64.39609397602446,25.204040433802803,12.541248002467874,37.95629796985246,39.19205354222166,red,red,False,False
v6_formal_v22,runs/v4r_s1/v4_pilot/supervised/final_nets.pt,4.0,early,,4a88ced791f5,True,True,139.0,22.22222222222222,0.0,186.5282598312633,179.2111053466797,75.38194444444446,22.22222222222222,111.14631538681886,103.82916090223523,red,red,True,True
v6_formal_v22,runs/v4r_s1/v4_pilot/supervised/final_nets.pt,2.0,min,89.0000000000002,4d2d1dfade40,True,True,143.5,16.323917729987038,-1.3353706002235413,97.18107944239364,100.1598184172831,41.48828416648838,16.156232429875267,55.69279527590526,58.67153425079473,red,red,True,True
v6_formal_v22,runs/v4r_s2/v4_pilot/supervised/final_nets.pt,3.0,cons,67.0000000000002,51530343203d,True,True,145.0,12.937271076567898,-1.7488235336562035,75.93639782828404,71.96261520935984,24.579325353231255,12.812859309739796,51.35707247505279,47.383289856128584,red,red,False,False
v6_formal_v22,runs/v4r_s2/v4_pilot/supervised/final_nets.pt,2.0,cons,150.0000000000002,52952a3c7ec2,True,True,140.5,20.460110512194376,-0.7621117100278454,154.57598235294336,156.22795106528326,67.24354836855473,20.460110512194376,87.33243398438863,88.98440269672854,red,red,True,True
v6_formal_v22,runs/v4r_s2/v4_pilot/supervised/final_nets.pt,4.0,early,,52d17b278106,True,True,139.0,22.22222222222222,0.0,186.5282598312633,179.2111053466797,75.38194444444446,22.22222222222222,111.14631538681886,103.82916090223523,red,red,False,False
v6_formal_v22,constant,3.0,cons,100.0000000000002,5309da48bcaa,True,True,143.0,18.236263707124966,-1.426107605620814,106.7402752031744,110.05733634121792,49.17511544835403,18.236263707124966,57.56515975482038,60.88222089286389,red,red,False,False
v6_formal_v22,runs/v4r_s2/v4_pilot/supervised/final_nets.pt,2.0,min,78.0000000000002,5333916437a5,True,True,143.5,21.429948888052024,-1.1934280406003208,86.82410782173929,91.11034477441694,70.82496931687328,21.333234867751862,15.99913850486601,20.285375457543665,red,red,True,True
v6_formal_v22,constant,2.0,cons,120.0000000000002,53d1cc78bd69,True,True,142.0,18.731704731953922,-0.3473499252265313,125.5358113660327,147.93870804376743,59.47717776953606,18.731704731953922,66.05863359649663,88.46153027423136,red,red,True,True
v6_formal_v22,runs/v4r_s1/v4_pilot/supervised/final_nets.pt,4.0,min,56.0000000000002,546bab0b2d9b,True,True,146.0,14.206462098492516,-0.6085362285375595,61.57097404376418,63.87846362406093,30.68484296546214,14.206462098492516,30.886131078302043,33.19362065859879,red,red,True,True
v6_formal_v22,runs/v4r_s1/v4_pilot/supervised/final_nets.pt,4.0,min,44.0000000000002,55360cab1af1,True,True,146.5,14.226463525949253,0.04000285491347313,54.46274263765372,60.41955781782366,32.04247569511128,14.226463525949253,22.42026694254244,28.37708212271238,red,red,True,True
v6_formal_v22,runs/v4r_s1/v4_pilot/supervised/final_nets.pt,3.0,cons,89.0000000000002,55b203a604a7,True,True,144.0,15.022033667058711,-0.8262444511055946,95.80832168758434,99.38858921768775,34.90588204316481,15.022033667058711,60.90243964441953,64.48270717452294,red,red,False,False
v6_formal_v22,runs/v4r_s2/v4_pilot/supervised/final_nets.pt,3.0,cons,44.0000000000002,569afee6e717,True,True,147.0,11.279907971309445,-1.6236527613418268,51.159182234221134,48.15254016482263,18.974221764742957,11.218081590638532,32.18496046947818,29.178318400079675,red,red,False,False
v6_formal_v22,runs/v4r/v4_pilot/supervised/final_nets.pt,3.0,cons,56.0000000000002,575112638f3e,True,True,146.0,12.780723346157254,-0.5872869502421132,63.61462911230319,60.46704798191413,26.02496038516601,12.780723346157254,37.58966872713718,34.44208759674812,red,red,True,True
v6_formal_v22,constant,3.0,min,120.0000000000002,57a7002dc4ed,True,True,141.5,22.22222222222222,0.0,130.97270427570675,139.2276950764974,78.50000000000003,22.22222222222222,52.47270427570672,60.72769507649738,red,red,True,True
v6_formal_v22,runs/v4r/v4_pilot/supervised/final_nets.pt,4.0,min,150.0000000000002,59777ac663ec,True,True,140.5,21.275876296891106,-1.8926918506622314,153.43151297926215,154.44650529940924,64.84275778134665,21.275876296891106,88.5887551979155,89.60374751806259,red,red,True,True
v6_formal_v22,constant,4.0,min,100.0000000000002,5990cd3a33c3,True,True,142.5,22.22222222222222,0.0,108.75048205348412,114.08485678352865,75.38194444444446,22.22222222222222,33.36853760903966,38.70291233908419,red,red,True,True
v6_formal_v22,constant,4.0,min,67.0000000000002,5b5d00061ace,True,True,144.0,20.546333595281364,-2.6050386514744366,76.02280552748744,76.98803524114787,60.46550157168819,20.243814269544146,15.557303955799242,16.522533669459676,red,red,True,True
v6_formal_v22,runs/v4r/v4_pilot/supervised/final_nets.pt,4.0,min,89.0000000000002,5b86a4ad0a5c,True,True,143.5,18.419372124396936,-0.011644264333881438,96.00481888194827,99.2090422532563,52.463480490306736,18.419372124396936,43.54133839164153,46.74556176294956,red,red,True,True
v6_formal_v22,runs/v4r_s1/v4_pilot/supervised/final_nets.pt,4.0,min,89.0000000000002,5ccf7824a4b5,True,True,143.5,15.98247299922837,-1.1178768873214722,99.05247258652435,105.45124699025101,37.48314011096954,15.98247299922837,61.5693324755548,67.96810687928146,red,red,False,False
v6_formal_v22,runs/v4r_s1/v4_pilot/supervised/final_nets.pt,3.0,cons,78.0000000000002,5d1989713b7f,True,True,144.5,14.72863140875197,-0.5868045166134834,88.37065541863149,84.21405751619018,34.09438174158021,14.72863140875197,54.27627367705128,50.11967577460997,red,red,False,False
v6_formal_v22,runs/v4r/v4_pilot/supervised/final_nets.pt,3.0,min,150.0000000000002,5e015014c0f2,True,True,140.5,21.47222222222222,-1.5,153.38242649792937,154.3876015218099,67.57638888888891,21.47222222222222,85.80603760904046,86.81121263292098,red,red,False,False
v6_formal_v22,runs/v4r_s2/v4_pilot/supervised/final_nets.pt,4.0,cons,89.0000000000002,5e491a1200a0,True,True,143.5,16.213833899514896,-3.4115329223796564,98.44237919652687,104.93538244259139,37.71225254781703,15.508067438325067,60.73012664870984,67.22312989477436,red,red,False,False
v6_formal_v22,runs/v4r/v4_pilot/supervised/final_nets.pt,4.0,min,56.0000000000002,60732680fd4a,True,True,145.5,16.764312061455307,-1.0994919538497925,60.41319181252675,60.1045976386994,41.210266916883285,16.764312061455307,19.202924895643463,18.894330721816118,red,red,True,True
v6_formal_v22,runs/v4r_s2/v4_pilot/supervised/final_nets.pt,3.0,cons,78.0000000000002,60cd76267a20,True,True,144.5,13.811682843396,-3.2488235336562035,82.62363630827485,76.46286645362326,27.496731373583998,12.812859309739796,55.126904934690856,48.966135080039265,red,red,False,False
v6_formal_v22,runs/v4r/v4_pilot/supervised/final_nets.pt,4.0,cons,67.0000000000002,611e34aa649e,True,True,145.0,13.634190625403432,-1.6701513524414935,77.05360754401272,73.85020865132088,26.72426250161373,13.634190625403432,50.32934504239899,47.125946149707154,red,red,True,True
v6_formal_v22,runs/v4r_s1/v4_pilot/supervised/final_nets.pt,2.0,cons,89.0000000000002,62a00afc6ec5,True,True,144.0,14.964552422439393,-0.8858259320259094,95.53984665599637,97.38977486295323,36.98468217287364,14.964552422439393,58.55516448312273,60.40509269007959,red,red,True,True
v6_formal_v22,runs/v4r_s1/v4_pilot/supervised/final_nets.pt,4.0,cons,67.0000000000002,62f6cca10f52,True,True,145.5,13.628575072836798,-0.8060416586226218,74.65899771358681,75.97770556473716,28.002972181429772,13.628575072836798,46.656025532157045,47.974733383307395,red,red,True,True
v6_formal_v22,runs/v4r_s1/v4_pilot/supervised/final_nets.pt,3.0,early,,63ac6fa2f4e6,True,True,139.0,22.22222222222222,0.0,186.5282598312633,179.2111053466797,78.50000000000003,22.22222222222222,108.02825983126328,100.71110534667966,red,red,True,True
v6_formal_v22,runs/v4r/v4_pilot/supervised/final_nets.pt,4.0,min,120.0000000000002,653bcdeafddb,True,True,142.0,18.43683852089776,-1.8926918506622314,123.6469768659199,147.33377031693777,48.668402234713255,18.43683852089776,74.97857463120664,98.66536808222452,red,red,True,True
v6_formal_v22,constant,4.0,min,89.0000000000002,6619ed2dcc4b,True,True,143.0,22.22222222222222,0.0,97.6393709423728,103.10500546009115,75.38194444444446,22.22222222222222,22.25742649792835,27.723061015646692,red,red,False,False
v6_formal_v22,runs/v4r_s1/v4_pilot/supervised/final_nets.pt,3.0,cons,44.0000000000002,662725f9e91a,True,True,147.0,11.987208173864218,-1.1205606891835167,55.040748640833954,70.05578410576638,22.196817488601546,11.987208173864218,32.84393115223241,47.85896661716483,red,red,False,False
v6_formal_v22,runs/v4r/v4_pilot/supervised/final_nets.pt,3.0,min,78.0000000000002,680e17d48fc0,True,True,144.0,18.323979270851446,-0.0752395000308752,86.46525241099607,82.02844517959804,54.1556884895286,18.323979270851446,32.30956392146747,27.872756690069437,red,red,False,False
v6_formal_v22,runs/v4r/v4_pilot/supervised/final_nets.pt,2.0,early,,687af60eeb89,True,True,139.0,22.22222222222222,0.0,186.5282598312633,179.2111053466797,84.86805555555559,22.22222222222222,101.66020427570773,94.3430497911241,red,red,True,True
v6_formal_v22,runs/v4r/v4_pilot/supervised/final_nets.pt,3.0,min,67.0000000000002,69e12cbb14ad,True,True,144.5,17.8014139060138,-1.045130729675293,77.43390411677956,73.32209886857187,47.84459618238424,17.8014139060138,29.589307934395322,25.477502686187634,red,red,True,True
v6_formal_v22,runs/v4r_s1/v4_pilot/supervised/final_nets.pt,3.0,cons,56.0000000000002,6c020d641e0d,True,True,146.5,12.547488518455976,-1.109336354649713,61.174422813914134,63.40908227590472,24.236743323572913,12.547488518455976,36.937679490341225,39.17233895233181,red,red,False,False
v6_formal_v22,constant,4.0,cons,100.0000000000002,6c4460033ee8,True,True,143.0,17.919600360704724,-2.0594274102163084,106.97573776158197,110.15231753767019,46.035501803523616,17.88988665559657,60.94023595805835,64.11681573414657,red,red,False,False
v6_formal_v22,runs/v4r/v4_pilot/supervised/final_nets.pt,4.0,cons,56.0000000000002,6d57d858d6c6,True,True,146.0,12.766698912343104,-0.5677923444128652,63.92808761730157,60.38695222203804,25.006484318564123,12.766698912343104,38.92160329873745,35.380467903473914,red,red,True,True
v6_formal_v22,runs/v4r_s2/v4_pilot/supervised/final_nets.pt,3.0,cons,150.0000000000002,6f56e3ff3606,True,True,140.5,20.619876664698335,-0.4517549448624294,154.658746929857,156.20619542094624,65.54710779144666,20.619876664698335,89.11163913841033,90.65908762949958,red,red,False,False
v6_formal_v22,constant,4.0,min,150.0000000000002,7010734b8bf0,True,True,140.5,22.22222222222222,0.0,153.19492649792937,154.1626015218099,75.38194444444446,22.22222222222222,77.81298205348492,78.78065707736545,red,red,True,True
v6_formal_v22,runs/v4r/v4_pilot/supervised/final_nets.pt,2.0,min,100.0000000000002,705b45ae7029,True,True,143.0,18.358921124806834,-0.15583479218184948,104.33692584338223,108.64405649803308,58.77003552627544,18.358921124806834,45.56689031710679,49.87402097175764,red,red,False,False
v6_formal_v22,constant,2.0,cons,89.0000000000002,734ec2007b80,True,True,143.5,17.8977666548154,-1.5559587180923486,97.56370782595513,100.09642432312285,48.573378142549984,17.619787295769225,48.99032968340515,51.52304618057286,red,red,True,True
v6_formal_v22,runs/v4r_s1/v4_pilot/supervised/final_nets.pt,3.0,min,67.0000000000002,74f51308b711,True,True,145.0,14.861898614300621,-0.6520553529262543,75.23512499540175,73.14812691778889,34.55542613938451,14.861898614300621,40.67969885601724,38.59270077840438,red,red,False,False
v6_formal_v22,runs/v4r_s1/v4_pilot/supervised/final_nets.pt,4.0,cons,44.0000000000002,76ebb6586c47,True,True,147.5,11.499322331789804,-1.3936425184698038,49.330592666115535,54.93922634959418,19.170459068750883,11.499322331789804,30.160133597364652,35.76876728084329,red,red,True,True
v6_formal_v22,runs/v4r/v4_pilot/supervised/final_nets.pt,4.0,cons,150.0000000000002,771bcea3ae39,True,True,140.5,20.192633608727295,-1.3154145777225494,154.8882643136203,156.36054272085494,58.87398474141143,20.192633608727295,96.01427957220889,97.48655797944352,red,red,True,True
v6_formal_v22,constant,2.0,cons,100.0000000000002,787a3feb606f,True,True,143.0,18.675746013861573,-0.5559587180923486,106.70708599312456,109.94828478716973,57.71675630971923,18.675746013861573,48.990329683405335,52.231528477450496,red,red,True,True
v6_formal_v22,constant,4.0,early,,79aa14710e9f,True,True,139.0,22.22222222222222,0.0,186.5282598312633,179.2111053466797,75.38194444444446,22.22222222222222,111.14631538681886,103.82916090223523,red,red,False,False
v6_formal_v22,runs/v4r/v4_pilot/supervised/final_nets.pt,2.0,min,120.0000000000002,7c245f043ef4,True,True,142.0,18.883184446228874,-1.8926918506622314,122.86587149659044,147.04239569688158,53.01419834627046,18.43683852089776,69.85167315031998,94.02819735061112,red,red,True,True
v6_formal_v22,runs/v4r_s1/v4_pilot/supervised/final_nets.pt,3.0,min,89.0000000000002,7c8ffd52fb39,True,True,143.5,16.1127875579728,-1.1976671814918518,98.32973666746602,105.28724100380731,39.090989742014145,16.1127875579728,59.23874692545188,66.19625126179317,red,red,True,True
v6_formal_v22,runs/v4r_s1/v4_pilot/supervised/final_nets.pt,2.0,min,56.0000000000002,7caa50a3d3c5,True,True,145.5,14.624965554310215,-0.6875112503767014,66.47514341428814,66.96399420515715,36.24979999288915,14.624965554310215,30.22534342139899,30.714194212267998,red,red,True,True
v6_formal_v22,runs/v4r_s2/v4_pilot/supervised/final_nets.pt,4.0,cons,150.0000000000002,7e3e75460f0e,True,True,140.5,20.622573912962945,-0.455533969251249,154.78077923756155,156.23156062958424,63.92578331618032,20.622573912962945,90.85499592138123,92.30577731340392,red,red,False,False
v6_formal_v22,runs/v4r_s2/v4_pilot/supervised/final_nets.pt,2.0,cons,100.0000000000002,7f9a2c367f2a,True,True,143.0,18.675746013861573,-0.5559587180923486,106.70708599312456,109.94828478716973,57.71675630971923,18.675746013861573,48.990329683405335,52.231528477450496,red,red,True,True
v6_formal_v22,runs/v4r/v4_pilot/supervised/final_nets.pt,2.0,cons,78.0000000000002,806e6632dce4,True,True,144.5,14.537689500676695,-2.2121508241862813,83.68445584220535,80.43868357748977,31.235878729503394,13.825538676490414,52.448577112701955,49.20280484798637,red,red,True,True
v6_formal_v22,constant,4.0,min,44.0000000000002,81a59eb04eb0,True,True,145.5,16.271187935126843,-3.5,48.409664379680635,49.86282792278823,37.970345708070795,15.521187935126843,10.43931867160984,11.892482214717432,red,red,True,True
v6_formal_v22,constant,2.0,cons,44.0000000000002,81ac89bf1040,True,True,147.0,11.527275523012849,-1.0677725716322506,49.40213733878454,47.787368051014994,22.329646615648223,11.493389237196723,27.07249072313632,25.45772143536677,red,red,True,True
v6_formal_v22,runs/v4r_s1/v4_pilot/supervised/final_nets.pt,4.0,cons,120.0000000000002,81d6e6fb4871,True,True,142.0,16.540121252088387,-2.1551098227500916,127.75854579052248,152.08511209962046,39.19057594741983,16.46256634071334,88.56796984310265,112.89453615220063,red,red,False,False
v6_formal_v22,runs/v4r_s2/v4_pilot/supervised/final_nets.pt,4.0,min,78.0000000000002,833c18f3d5c8,True,True,143.5,21.848852921018583,-0.7467386024072766,86.6216021565624,90.66388023666318,70.62148585409807,21.848852921018583,16.000116302464335,20.042394382565107,red,red,True,True
v6_formal_v22,runs/v4r_s1/v4_pilot/supervised/final_nets.pt,2.0,early,,83fabd84de17,True,True,139.0,22.22222222222222,0.0,186.5282598312633,179.2111053466797,84.86805555555559,22.22222222222222,101.66020427570773,94.3430497911241,red,red,False,False
v6_formal_v22,runs/v4r_s1/v4_pilot/supervised/final_nets.pt,4.0,cons,89.0000000000002,8617981e2bcb,True,True,144.0,15.021559084205467,-0.7592810839414597,96.19686545422883,99.40686739700101,33.92104357554899,15.021559084205467,62.275821878679835,65.48582382145202,red,red,True,True
v6_formal_v22,runs/v4r/v4_pilot/supervised/final_nets.pt,2.0,cons,89.0000000000002,889f8cecef70,True,True,143.5,16.249840324862976,-2.2121508241862813,99.20322075497506,105.19961601204193,38.83440218868001,15.537689500676695,60.368818566295054,66.36521382336193,red,red,True,True
v6_formal_v22,runs/v4r/v4_pilot/supervised/final_nets.pt,4.0,min,44.0000000000002,897d6b8a2d46,True,True,146.0,16.023184026099948,-1.4822560707107186,52.21631779063773,58.3023487855459,36.89203396718949,16.023184026099948,15.32428382344824,21.41031481835641,red,red,True,True
v6_formal_v22,constant,2.0,min,56.0000000000002,89fa23d11cb9,True,True,144.5,18.76884543598667,-3.2324777849202633,66.58186707650611,72.8424927356315,50.791149897926665,16.920128758606275,15.790717178579449,22.05134283770483,red,red,True,True
v6_formal_v22,runs/v4r_s2/v4_pilot/supervised/final_nets.pt,4.0,cons,78.0000000000002,8b667e2489ed,True,True,144.5,14.053286049915608,-2.9095627768189196,83.12156549000656,77.96872599499095,28.400644199662427,13.598504661506148,54.72092129034414,49.568081795328524,red,red,False,False
v6_formal_v22,runs/v4r_s2/v4_pilot/supervised/final_nets.pt,4.0,cons,56.0000000000002,8c4e5e54ebaf,True,True,146.0,12.583116224040495,-0.7118459631905587,63.2694742789904,64.63104232091898,24.07165709395708,12.583116224040495,39.19781718503332,40.5593852269619,red,red,False,False
v6_formal_v22,runs/v4r/v4_pilot/supervised/final_nets.pt,2.0,cons,67.0000000000002,8c8573cd41b9,True,True,145.0,13.67913166551877,-1.7171156703158488,76.63025055065646,74.12554730699448,28.684434780232856,13.320573830360846,47.9458157704236,45.44111252676162,red,red,True,True
v6_formal_v22,runs/v4r/v4_pilot/supervised/final_nets.pt,3.0,min,100.0000000000002,8e1bc8042fa0,True,True,143.0,18.39921877088232,-0.0752395000308752,104.82685143186336,108.69071920421044,54.569505739698414,18.39921877088232,50.25734569216495,54.121213464512024,red,red,False,False
v6_formal_v22,constant,2.0,min,67.0000000000002,92ff8a33cbc2,True,True,144.0,20.3850843284468,-2.089729119210443,76.37034951761461,77.3042887438505,60.99003475295078,19.79535520923636,15.380314764663837,16.31425399089973,red,red,True,True
v6_formal_v22,runs/v4r_s2/v4_pilot/supervised/final_nets.pt,2.0,cons,56.0000000000002,9335e686384e,True,True,146.0,12.0950480946451,-0.8498261340827504,61.338299147613725,64.10651928578629,25.094495419150178,12.0950480946451,36.24380372846355,39.01202386663611,red,red,True,True
v6_formal_v22,runs/v4r_s2/v4_pilot/supervised/final_nets.pt,2.0,min,150.0000000000002,94e1e8e0ce87,True,True,140.5,22.22222222222222,0.0,153.19492649792937,154.1626015218099,84.86805555555559,22.22222222222222,68.32687094237379,69.29454596625432,red,red,False,False
v6_formal_v22,constant,2.0,cons,78.0000000000002,9611efc459cf,True,True,144.0,16.619787295769225,-2.5559587180923486,88.9343193383088,81.24624091490857,39.943989654903824,15.563828577676876,48.99032968340497,41.302251260004745,red,red,True,True
v6_formal_v22,constant,2.0,cons,67.0000000000002,99bce1c256d1,True,True,145.0,13.44487422872785,-2.8498261340827504,73.98326030930002,72.26804779633838,26.293278357729438,12.0950480946451,47.68998195157059,45.974769438608945,red,red,True,True
v6_formal_v22,runs/v4r_s1/v4_pilot/supervised/final_nets.pt,3.0,cons,150.0000000000002,9a736af55ef8,True,True,140.5,19.802946245164637,-2.085615783929825,154.86297953474013,156.45127454680636,56.24194090969665,19.510138353199725,98.62103862504348,100.20933363710971,red,red,False,False
v6_formal_v22,runs/v4r_s2/v4_pilot/supervised/final_nets.pt,4.0,min,67.0000000000002,9ad22a7357bd,True,True,144.0,20.546333595281364,-2.6050386514744366,76.02280552748744,76.98803524114787,60.46550157168819,20.243814269544146,15.557303955799242,16.522533669459676,red,red,True,True
v6_formal_v22,runs/v4r/v4_pilot/supervised/final_nets.pt,3.0,cons,150.0000000000002,9bb90cb3822a,True,True,140.5,20.301464935631518,-1.0885784029960632,154.7383498621234,156.30171893966627,61.67912670517542,20.301464935631518,93.059223156948,94.62259223449085,red,red,True,True
v6_formal_v22,runs/v4r/v4_pilot/supervised/final_nets.pt,3.0,early,,9df9d49612bc,True,True,139.0,22.22222222222222,0.0,186.5282598312633,179.2111053466797,78.50000000000003,22.22222222222222,108.02825983126328,100.71110534667966,red,red,True,True
v6_formal_v22,runs/v4r/v4_pilot/supervised/final_nets.pt,4.0,cons,120.0000000000002,9e9d41bef3f5,True,True,142.0,18.196617195985176,-1.3154145777225494,126.1077734831656,151.33690505038882,47.86870383461578,18.196617195985176,78.23906964854982,103.46820121577304,red,red,True,True
v6_formal_v22,constant,2.0,early,,9ff07369de96,True,True,139.0,22.22222222222222,0.0,186.5282598312633,179.2111053466797,84.86805555555559,22.22222222222222,101.66020427570773,94.3430497911241,red,red,True,True
v6_formal_v22,runs/v4r_s1/v4_pilot/supervised/final_nets.pt,3.0,min,44.0000000000002,a17d7ae24258,True,True,146.5,14.172577158289236,-0.0745322061702609,53.603648952647745,59.98681067135148,33.478468387620524,14.172577158289236,20.12518056502722,26.508342283730954,red,red,False,False
v6_formal_v22,runs/v4r_s2/v4_pilot/supervised/final_nets.pt,4.0,min,44.0000000000002,a31b69d905fa,True,True,145.5,16.271187935126843,-3.5,48.409664379680635,49.86282792278823,37.970345708070795,15.521187935126843,10.43931867160984,11.892482214717432,red,red,True,True
v6_formal_v22,constant,2.0,cons,150.0000000000002,a59ca54b0554,True,True,140.5,20.460110512194376,-0.7621117100278454,154.57598235294336,156.22795106528326,67.24354836855473,20.460110512194376,87.33243398438863,88.98440269672854,red,red,True,True
v6_formal_v22,runs/v4r_s1/v4_pilot/supervised/final_nets.pt,2.0,min,67.0000000000002,a6d1cb655627,True,True,145.0,14.968721179498566,-0.6875112503767014,73.87356509774054,70.54435849506027,37.80450278851721,14.968721179498566,36.06906230922333,32.739855706543054,red,red,False,False
v6_formal_v22,runs/v4r_s1/v4_pilot/supervised/final_nets.pt,4.0,cons,56.0000000000002,a6e865fc6414,True,True,146.5,12.639902603749322,-1.2338251882114228,61.46347069551257,65.39055627172293,23.422193182279063,12.639902603749322,38.04127751323351,41.96836308944387,red,red,True,True
v6_formal_v22,runs/v4r_s1/v4_pilot/supervised/final_nets.pt,2.0,min,78.0000000000002,a8f9fd385890,True,True,144.5,15.312476804686916,-0.6875112503767014,81.44386459378711,75.83602680710234,39.43734200816188,15.312476804686916,42.006522585625234,36.398684798940465,red,red,False,False
v6_formal_v22,runs/v4r_s1/v4_pilot/supervised/final_nets.pt,2.0,cons,56.0000000000002,acd7a286a219,True,True,146.5,12.514535900810905,-1.0645691251903564,61.01708916688176,63.22464822399847,25.969659971172245,12.482251338215727,35.04742919570951,37.25498825282622,red,red,False,False
v6_formal_v22,runs/v4r_s2/v4_pilot/supervised/final_nets.pt,3.0,min,150.0000000000002,addc36289063,True,True,140.5,22.22222222222222,0.0,153.19492649792937,154.1626015218099,78.50000000000003,22.22222222222222,74.69492649792934,75.66260152180988,red,red,True,True
v6_formal_v22,constant,3.0,min,67.0000000000002,af904e44a3d5,True,True,144.0,20.546473213562017,-2.3537787595996633,76.08551578674542,77.01058161464188,60.52883928137213,20.119583833762185,15.55667650537329,16.48174233326975,red,red,True,True
v6_formal_v22,constant,3.0,min,150.0000000000002,afe769823f43,True,True,140.5,22.22222222222222,0.0,153.19492649792937,154.1626015218099,78.50000000000003,22.22222222222222,74.69492649792934,75.66260152180988,red,red,True,True
v6_formal_v22,runs/v4r_s1/v4_pilot/supervised/final_nets.pt,4.0,min,150.0000000000002,b169f773028c,True,True,140.5,21.22222222222222,-2.0,153.44492649792937,154.4626015218099,64.52083333333334,21.22222222222222,88.92409316459603,89.94176818847654,red,red,False,False
v6_formal_v22,runs/v4r_s2/v4_pilot/supervised/final_nets.pt,3.0,min,89.0000000000002,b25b6c4069cf,True,True,143.0,22.22222222222222,0.0,97.6393709423728,103.10500546009115,78.50000000000003,22.22222222222222,19.13937094237278,24.60500546009112,red,red,True,True
v6_formal_v22,runs/v4r_s2/v4_pilot/supervised/final_nets.pt,2.0,min,44.0000000000002,b531117fa1e0,True,True,145.5,16.163834198369308,-2.97754469031446,49.02239389615397,51.24821664377083,37.79975389266189,14.686289508054848,11.222640003492081,13.448462751108941,red,red,True,True
v6_formal_v22,runs/v4r_s2/v4_pilot/supervised/final_nets.pt,3.0,cons,100.0000000000002,b702c0e68ab5,True,True,143.0,18.236263707124966,-1.426107605620814,106.7402752031744,110.05733634121792,49.17511544835403,18.236263707124966,57.56515975482038,60.88222089286389,red,red,False,False
v6_formal_v22,runs/v4r/v4_pilot/supervised/final_nets.pt,4.0,cons,78.0000000000002,b84800eca570,True,True,144.5,14.46926630162418,-2.797553005702998,84.07947177576943,79.9573152979761,30.06456520649672,14.07048979877268,54.01490656927271,49.89275009147937,red,red,True,True
v6_formal_v22,runs/v4r_s1/v4_pilot/supervised/final_nets.pt,3.0,cons,67.0000000000002,b8956cd04da4,True,True,145.5,13.625636462083568,-0.8019512517656011,74.26878240693941,74.37902356109602,28.998887251273775,13.625636462083568,45.26989515566564,45.38013630982225,red,red,False,False
v6_formal_v22,runs/v4r/v4_pilot/supervised/final_nets.pt,4.0,min,67.0000000000002,b95d509dffd9,True,True,144.5,17.8638040153051,-1.0994919538497925,77.72724985090736,75.58446065251059,46.70772668613226,17.8638040153051,31.019523164775094,28.876733966378325,red,red,False,False
v6_formal_v22,constant,3.0,min,44.0000000000002,b96f69b22a9c,True,True,145.5,16.08594599317035,-3.4210544407833368,48.6309377714997,49.96370409315725,37.19925696926657,14.914891552387012,11.431680802233132,12.764447123890676,red,red,True,True
v6_formal_v22,runs/v4r_s2/v4_pilot/supervised/final_nets.pt,2.0,cons,44.0000000000002,ba14a8d25280,True,True,147.0,11.527275523012849,-1.0677725716322506,49.40213733878454,47.787368051014994,22.329646615648223,11.493389237196723,27.07249072313632,25.45772143536677,red,red,True,True
v6_formal_v22,runs/v4r_s2/v4_pilot/supervised/final_nets.pt,4.0,min,100.0000000000002,ba20579ea032,True,True,142.5,22.22222222222222,0.0,108.75048205348412,114.08485678352865,75.38194444444446,22.22222222222222,33.36853760903966,38.70291233908419,red,red,True,True
v6_formal_v22,runs/v4r/v4_pilot/supervised/final_nets.pt,3.0,cons,89.0000000000002,bcc0b353f4a0,True,True,143.5,16.252478238568028,-2.1449034791049186,99.4775575749245,105.21899835830322,37.94927163319814,15.930026499015568,61.52828594172637,67.26972672510509,red,red,False,False
v6_formal_v22,constant,3.0,cons,56.0000000000002,c27244692541,True,True,146.0,12.541248002467874,-0.5432226145438435,63.16033840365526,64.39609397602446,25.204040433802803,12.541248002467874,37.95629796985246,39.19205354222166,red,red,False,False
v6_formal_v22,runs/v4r_s2/v4_pilot/supervised/final_nets.pt,2.0,min,89.0000000000002,c29803f60049,True,True,143.0,22.026662908352186,-0.3911186277400702,97.68826077084032,103.16367325425216,79.90990698171666,22.026662908352186,17.778353789123656,23.2537662725355,red,red,False,False
v6_formal_v22,runs/v4r/v4_pilot/supervised/final_nets.pt,2.0,min,78.0000000000002,c346e8665554,True,True,144.0,18.203086332624984,-0.15583479218184948,86.05592211466592,82.06242163942929,57.873985471229815,18.203086332624984,28.181936643436103,24.188436168199473,red,red,True,True
v6_formal_v22,constant,4.0,cons,78.0000000000002,c410bf31190d,True,True,144.5,14.053286049915608,-2.9095627768189196,83.12156549000656,77.96872599499095,28.400644199662427,13.598504661506148,54.72092129034414,49.568081795328524,red,red,False,False
v6_formal_v22,runs/v4r_s1/v4_pilot/supervised/final_nets.pt,4.0,min,78.0000000000002,c82065aedf9b,True,True,144.5,15.119266441298855,-0.6085362285375595,83.56527044860832,80.39443911175476,34.68105950020254,15.119266441298855,48.88421094840578,45.71337961155223,red,red,True,True
v6_formal_v22,runs/v4r/v4_pilot/supervised/final_nets.pt,3.0,cons,44.0000000000002,c87e3d03b9ac,True,True,147.0,11.155948717984108,-1.1622623061041786,51.76192116074981,60.23654632329953,19.263439874292086,11.155948717984108,32.49848128645772,40.973106449007446,red,red,True,True
v6_formal_v22,runs/v4r_s2/v4_pilot/supervised/final_nets.pt,3.0,min,120.0000000000002,c92275ad9e56,True,True,141.5,22.22222222222222,0.0,130.97270427570675,139.2276950764974,78.50000000000003,22.22222222222222,52.47270427570672,60.72769507649738,red,red,True,True
v6_formal_v22,constant,4.0,cons,56.0000000000002,ca5702fa9d71,True,True,146.0,12.583116224040495,-0.7118459631905587,63.2694742789904,64.63104232091898,24.07165709395708,12.583116224040495,39.19781718503332,40.5593852269619,red,red,False,False
v6_formal_v22,runs/v4r_s2/v4_pilot/supervised/final_nets.pt,4.0,cons,67.0000000000002,cabf4c006828,True,True,145.0,13.446942079418173,-1.2126879409948685,76.24650845767292,72.71322963332537,26.51397842830731,13.446942079418173,49.732530029365606,46.19925120501806,red,red,False,False
v6_formal_v22,runs/v4r_s2/v4_pilot/supervised/final_nets.pt,2.0,min,67.0000000000002,cd75722fa309,True,True,144.0,20.3850843284468,-2.089729119210443,76.37034951761461,77.3042887438505,60.99003475295078,19.79535520923636,15.380314764663837,16.31425399089973,red,red,True,True
v6_formal_v22,runs/v4r_s1/v4_pilot/supervised/final_nets.pt,2.0,cons,44.0000000000002,cd7de1a99ebf,True,True,147.0,11.967575066453357,-1.0939216687150974,54.896561425065556,69.95101360684589,23.823161075876023,11.920614232095808,31.073400349189534,46.12785253096987,red,red,False,False
v6_formal_v22,runs/v4r/v4_pilot/supervised/final_nets.pt,3.0,min,120.0000000000002,ceee1448ed9e,True,True,142.0,18.633184446228874,-1.8926918506622314,123.30337149659044,147.20559569688157,50.09248871604603,18.43683852089776,73.21088278054441,97.11310698083554,red,red,False,False
v6_formal_v22,constant,4.0,cons,89.0000000000002,d04f03708aae,True,True,143.5,16.213833899514896,-3.4115329223796564,98.44237919652687,104.93538244259139,37.71225254781703,15.508067438325067,60.73012664870984,67.22312989477436,red,red,False,False
v6_formal_v22,runs/v4r/v4_pilot/supervised/final_nets.pt,2.0,min,67.0000000000002,d21ddb970e79,True,True,144.5,17.716745355373455,-0.9726819545030594,77.0759641926661,73.36788530966273,50.26767383182113,17.716745355373455,26.80829036084498,23.100211477841597,red,red,True,True
v6_formal_v22,runs/v4r/v4_pilot/supervised/final_nets.pt,4.0,cons,89.0000000000002,d5fa551be11c,True,True,143.5,16.331599945816713,-2.2774698306669166,99.71370973986768,105.80187546849888,38.24219975617521,16.192865030483254,61.47150998369247,67.55967571232367,red,red,True,True
v6_formal_v22,runs/v4r/v4_pilot/supervised/final_nets.pt,3.0,cons,120.0000000000002,d7e8325cb1e8,True,True,142.0,18.36550877587498,-1.0885784029960632,125.86261364736265,148.07135904311758,50.715279959447734,18.36550877587498,75.14733368791491,97.35607908366984,red,red,False,False
v6_formal_v22,runs/v4r/v4_pilot/supervised/final_nets.pt,2.0,cons,44.0000000000002,dac17bf9c3e8,True,True,147.0,11.324416135193331,-1.6805624973315503,51.42602736613617,61.202358239876226,20.033508693381002,10.984134886527556,31.392518672755166,41.168849546495224,red,red,True,True
v6_formal_v22,runs/v4r/v4_pilot/supervised/final_nets.pt,4.0,cons,100.0000000000002,dae74382475f,True,True,143.0,17.47033486115017,-1.1666983867897045,108.16419344160931,111.65535560400025,44.580765637125296,17.47033486115017,63.58342780448402,67.07458996687495,red,red,True,True
v6_formal_v22,constant,2.0,min,44.0000000000002,db22facefbd2,True,True,145.5,16.163834198369308,-2.97754469031446,49.02239389615397,51.24821664377083,37.79975389266189,14.686289508054848,11.222640003492081,13.448462751108941,red,red,True,True
v6_formal_v22,constant,3.0,min,56.0000000000002,dd06ca9ca8dd,True,True,144.5,18.796473213562017,-3.5,66.24977917996421,72.65798012483371,50.69310267459112,17.546473213562017,15.55667650537309,21.964877450242597,red,red,True,False
v6_formal_v22,runs/v4r_s1/v4_pilot/supervised/final_nets.pt,4.0,min,67.0000000000002,dfb48f450409,True,True,145.0,14.814998327030075,-0.6085362285375595,76.08170425652588,73.75824062910009,33.31185298599303,14.814998327030075,42.769851270532854,40.44638764310706,red,red,True,True
v6_formal_v22,runs/v4r/v4_pilot/supervised/final_nets.pt,2.0,min,56.0000000000002,e37da99e3f5b,True,True,145.5,16.55670755260831,-1.3355978345498443,59.895347730728645,59.330253318226475,42.64834750756724,16.388908635333387,17.247000223161407,16.681905810659238,red,red,True,True
v6_formal_v22,constant,3.0,cons,78.0000000000002,e54d126a4a2d,True,True,144.5,13.811682843396,-3.2488235336562035,82.62363630827485,76.46286645362326,27.496731373583998,12.812859309739796,55.126904934690856,48.966135080039265,red,red,False,False
v6_formal_v22,constant,3.0,cons,150.0000000000002,e7e2b916bb85,True,True,140.5,20.619876664698335,-0.4517549448624294,154.658746929857,156.20619542094624,65.54710779144666,20.619876664698335,89.11163913841033,90.65908762949958,red,red,False,False
v6_formal_v22,runs/v4r_s1/v4_pilot/supervised/final_nets.pt,3.0,cons,100.0000000000002,eb7fd2f91e58,True,True,143.5,15.435155892611508,-0.8262444511055946,103.42261907750208,114.76081803618604,36.7649320581524,15.435155892611508,66.65768701934968,77.99588597803364,red,red,False,False
v6_formal_v22,runs/v4r_s2/v4_pilot/supervised/final_nets.pt,3.0,min,44.0000000000002,ec8ac44ff890,True,True,145.5,16.08594599317035,-3.4210544407833368,48.6309377714997,49.96370409315725,37.19925696926657,14.914891552387012,11.431680802233132,12.764447123890676,red,red,True,True
v6_formal_v22,runs/v4r/v4_pilot/supervised/final_nets.pt,4.0,min,100.0000000000002,f098e9c14848,True,True,143.0,18.425194256563877,-0.011644264333881438,105.21596047718867,108.73011740551627,52.49550221722491,18.425194256563877,52.72045825996376,56.23461518829136,red,red,True,True
v6_formal_v22,runs/v4r/v4_pilot/supervised/final_nets.pt,2.0,cons,56.0000000000002,f0b3a0d97f81,True,True,146.0,12.664507989365811,-0.8259182121881778,63.50560708920557,65.09014213367392,27.392318214804618,12.664507989365811,36.11328887440095,37.697823918869304,red,red,True,True
v6_formal_v22,constant,4.0,min,120.0000000000002,f225a4a2ed86,True,True,141.5,22.22222222222222,0.0,130.97270427570675,139.2276950764974,75.38194444444446,22.22222222222222,55.59075983126229,63.845750632052955,red,red,True,True
v6_formal_v22,constant,3.0,cons,120.0000000000002,f85ebe4be78d,True,True,142.0,18.91237131274578,0.018372120478659326,125.5020927131095,147.87318984013464,57.96758868080119,18.91237131274578,67.53450403230832,89.90560115933346,red,red,False,False
v6_formal_v22,constant,2.0,min,100.0000000000002,f8e144979c78,True,True,142.5,22.22222222222222,0.0,108.75048205348412,114.08485678352865,84.86805555555559,22.22222222222222,23.882426497928535,29.216801227973065,red,red,False,False
v6_formal_v22,runs/v4r_s2/v4_pilot/supervised/final_nets.pt,2.0,cons,67.0000000000002,fa29c0d2d733,True,True,145.0,13.44487422872785,-2.8498261340827504,73.98326030930002,72.26804779633838,26.293278357729438,12.0950480946451,47.68998195157059,45.974769438608945,red,red,True,True
v6_formal_v22,constant,2.0,min,78.0000000000002,fadb80877357,True,True,143.5,21.429948888052024,-1.1934280406003208,86.82410782173929,91.11034477441694,70.82496931687328,21.333234867751862,15.99913850486601,20.285375457543665,red,red,True,True
v6_formal_v22,runs/v4r_s2/v4_pilot/supervised/final_nets.pt,2.0,cons,120.0000000000002,fbde62e32451,True,True,142.0,18.731704731953922,-0.3473499252265313,125.5358113660327,147.93870804376743,59.47717776953606,18.731704731953922,66.05863359649663,88.46153027423136,red,red,True,True
v6_formal_v22,runs/v4r/v4_pilot/supervised/final_nets.pt,3.0,min,89.0000000000002,fc7c6c94b061,True,True,143.5,18.361599020866883,-0.0752395000308752,95.63664698392586,99.20273526353182,54.36259711461351,18.361599020866883,41.27404986931235,44.840138148918314,red,red,False,False
v6_formal_v22,runs/v4r/v4_pilot/supervised/final_nets.pt,4.0,min,78.0000000000002,fcd6e810b3f7,True,True,144.0,18.413549992229996,-0.011644264333881438,86.79658835279133,82.00535815701915,52.43145876338856,18.413549992229996,34.36512958940277,29.573899393630583,red,red,False,False
v6_formal_v22,constant,2.0,min,150.0000000000002,fcd7502e8d6b,True,True,140.5,22.22222222222222,0.0,153.19492649792937,154.1626015218099,84.86805555555559,22.22222222222222,68.32687094237379,69.29454596625432,red,red,False,False
v6_formal_v22,runs/v4r_s2/v4_pilot/supervised/final_nets.pt,2.0,cons,89.0000000000002,fcfa60694ec9,True,True,143.5,17.8977666548154,-1.5559587180923486,97.56370782595513,100.09642432312285,48.573378142549984,17.619787295769225,48.99032968340515,51.52304618057286,red,red,True,True
v6_formal_v22,runs/v4r_s1/v4_pilot/supervised/final_nets.pt,3.0,cons,120.0000000000002,fd418fdb9bc1,True,True,142.0,16.6745225692699,-2.085615783929825,127.50487792391368,152.09899492647384,39.953982204032016,16.381714677304988,87.55089571988167,112.14501272244182,red,red,False,False
v6_formal_v22,runs/v4r_s2/v4_pilot/supervised/final_nets.pt,2.0,cons,78.0000000000002,fd859b490db7,True,True,144.0,16.619787295769225,-2.5559587180923486,88.9343193383088,81.24624091490857,39.943989654903824,15.563828577676876,48.99032968340497,41.302251260004745,red,red,True,True
v6_formal_v22,runs/v4r/v4_pilot/supervised/final_nets.pt,3.0,min,44.0000000000002,ffb77cae7081,True,True,146.0,15.814397114070339,-1.8834579987451434,52.012464034448385,57.8558047994221,36.2249387659831,15.622668114697767,15.787525268465288,21.630866033439005,red,red,True,True
v6_formal_v16,constant,3.0,min,78.0,013810b0d452,True,True,151.5,16.0,0.0,85.63937094238054,78.03990583204188,42.3125,16.0,43.32687094238054,35.72740583204188,red,red,True,True
v6_formal_v16,runs/v4r_s1/v4_pilot/supervised/final_nets.pt,2.0,min,78.0,01ed7776a8aa,True,True,153.0,12.38837748579681,-0.2714553326368332,80.74072796095561,80.91730311945057,28.542665196582675,12.38837748579681,52.198062764372935,52.37463792286789,red,red,True,True
v6_formal_v16,constant,2.0,cons,89.0,023a4e4b3b34,True,True,151.0,15.729522052921366,-0.5409558941572676,93.70699042915021,92.1334980342064,42.08830874089912,15.729522052921366,51.61868168825109,50.045189293307274,red,red,False,False
v6_formal_v16,runs/v4r_s1/v4_pilot/supervised/final_nets.pt,2.0,cons,120.0,044d1a474adf,True,True,149.5,13.085871535819024,-0.10305558983236551,125.57326336299002,136.87142427646017,32.32391218061094,13.085871535819024,93.24935118237909,104.54751209584924,red,red,False,False
v6_formal_v16,runs/v4r_s1/v4_pilot/supervised/final_nets.pt,2.0,cons,44.0,05f67831784c,True,True,155.5,11.811454517766837,-1.6307691872119903,49.24093795650106,51.82837140775849,21.815090882964448,11.496069924160842,27.42584707353661,30.01328052479404,red,red,True,True
v6_formal_v16,runs/v4r_s1/v4_pilot/supervised/final_nets.pt,3.0,cons,44.0,05fc86753c0b,True,True,155.5,11.500888352840708,-2.1913353521381183,49.33372103896454,51.92699221207968,19.127887146732295,11.155220676771648,30.205833892232246,32.79910506534739,red,red,False,False
v6_formal_v16,constant,3.0,min,150.0,0a10f3d7da53,True,True,147.0,16.0,0.0,157.63937094238054,163.1338946533203,42.3125,16.0,115.32687094238054,120.82139465332031,red,red,False,False
v6_formal_v16,runs/v4r_s1/v4_pilot/supervised/final_nets.pt,2.0,cons,89.0,0a59d0d47ef6,True,True,152.0,12.659832818433642,-0.2714553326368332,93.26483311307084,95.1717963856121,29.629148981999606,12.659832818433642,63.63568413107123,65.54264740361249,red,red,True,True
v6_formal_v16,runs/v4r_s2/v4_pilot/supervised/final_nets.pt,3.0,min,78.0,0ba4ead83675,True,True,151.5,16.0,0.0,85.63937094238054,78.03990583204188,42.3125,16.0,43.32687094238054,35.72740583204188,red,red,True,True
v6_formal_v16,runs/v4r/v4_pilot/supervised/final_nets.pt,4.0,cons,44.0,0ba633b21c9c,True,True,154.5,11.808348785558932,-0.7501896782883968,47.07424546635821,53.66959164854764,21.297662522237623,11.808348785558932,25.776582944120584,32.371929126310015,red,red,False,False
v6_formal_v16,runs/v4r_s2/v4_pilot/supervised/final_nets.pt,2.0,min,89.0,0bafa447d99a,True,True,151.0,16.0,0.0,93.63937094238054,92.0523546500828,46.875,16.0,46.76437094238054,45.177354650082805,red,red,False,False
v6_formal_v16,runs/v4r/v4_pilot/supervised/final_nets.pt,3.0,cons,89.0,0cbb987bd07f,True,True,151.0,15.729867379053871,-0.5402652418922571,93.75570551927058,92.13595061266844,38.75127325624831,15.729867379053871,55.00443226302227,53.38467735642013,red,red,False,False
v6_formal_v16,constant,4.0,cons,150.0,15f00819aecc,True,True,147.0,16.0,0.0,157.63937094238054,163.1338946533203,40.0,16.0,117.63937094238054,123.13389465332031,red,red,False,False
v6_formal_v16,constant,4.0,cons,78.0,17387f13d17f,True,True,152.0,13.494380411967896,-2.4690340689088544,79.03656608971687,76.18745415082886,26.165021647871583,13.259863377513469,52.87154444184529,50.02243250295727,red,red,False,False
v6_formal_v16,constant,3.0,cons,89.0,17c0c29a8104,True,True,151.0,15.729522052921366,-0.5409558941572676,93.70699042915021,92.1334980342064,38.74807898952265,15.729522052921366,54.95891143962756,53.38541904468375,red,red,False,False
v6_formal_v16,runs/v4r/v4_pilot/supervised/final_nets.pt,2.0,cons,100.0,181357589666,True,True,150.5,16.0,0.0,101.68817236403402,104.08969716181286,46.875,16.0,54.81317236403402,57.214697161812865,red,red,True,True
v6_formal_v16,runs/v4r/v4_pilot/supervised/final_nets.pt,4.0,min,150.0,18d4a70699f6,True,True,147.0,16.0,0.0,157.63937094238054,163.1338946533203,40.0,16.0,117.63937094238054,123.13389465332031,red,red,True,True
v6_formal_v16,runs/v4r_s1/v4_pilot/supervised/final_nets.pt,4.0,min,56.0,1bd9c50020f7,True,True,154.5,12.942223704978826,0.3692308127880097,61.74277706787416,69.28361717233861,27.46120259389282,12.942223704978826,34.28157447398134,41.82241457844579,red,red,True,True
v6_formal_v16,runs/v4r/v4_pilot/supervised/final_nets.pt,3.0,cons,120.0,1da7e87870bf,True,True,149.0,15.960958862677217,-0.019520568661391735,125.67841207970332,132.9553986440989,42.02945175440982,15.960958862677217,83.6489603252935,90.92594688968907,red,red,True,True
v6_formal_v16,constant,2.0,cons,67.0,2025cd90691a,True,True,152.5,12.918088211685465,-1.5409558941572676,72.2212827306953,74.95142803753063,25.99615797904528,12.647610264606831,46.225124751650014,48.955270058485354,red,red,False,False
v6_formal_v16,runs/v4r/v4_pilot/supervised/final_nets.pt,2.0,min,32.0,21ff8c680e51,True,True,154.5,13.247319405428396,-3.5,39.144970056992406,36.022277628946625,25.55244777035649,10.997319405428396,13.592522286635916,10.469829858590135,red,red,True,True
v6_formal_v16,runs/v4r_s1/v4_pilot/supervised/final_nets.pt,3.0,min,67.0,22168eb5d89a,True,True,153.5,12.572992892190815,0.3692308127880097,74.50038536645889,79.43671154307559,28.39677941352131,12.572992892190815,46.10360595293758,51.03993212955428,red,red,False,False
v6_formal_v16,constant,3.0,cons,78.0,22826e4e2e25,True,True,152.0,13.494380411967896,-2.4690340689088544,79.03656608971687,76.18745415082886,26.22892654487961,13.009863377513469,52.80763954483726,49.95852760594924,red,red,False,False
v6_formal_v16,runs/v4r/v4_pilot/supervised/final_nets.pt,3.0,min,150.0,245230ef36c8,True,True,147.0,16.0,0.0,157.63937094238054,163.1338946533203,42.3125,16.0,115.32687094238054,120.82139465332031,red,red,False,False
v6_formal_v16,runs/v4r/v4_pilot/supervised/final_nets.pt,3.0,min,44.0,24b69e0c47e2,True,True,154.0,15.359683545783218,-0.7368745069027682,45.98419107797099,41.77651254258267,36.61521762885611,15.359683545783218,9.368973449114883,5.1612949137265645,red,red,True,True
v6_formal_v16,constant,4.0,cons,100.0,24d28940562a,True,True,150.5,16.0,0.0,101.63937094238054,104.08543686797655,40.0,16.0,61.63937094238054,64.08543686797655,red,red,False,False
v6_formal_v16,runs/v4r/v4_pilot/supervised/final_nets.pt,4.0,min,100.0,26694d430612,True,True,150.5,16.0,0.0,101.68817236403402,104.08969716181286,40.0,16.0,61.68817236403402,64.08969716181286,red,red,False,False
v6_formal_v16,runs/v4r/v4_pilot/supervised/final_nets.pt,2.0,min,120.0,2676b6d9ca74,True,True,149.0,15.960958862677217,-0.019520568661391735,125.67841207970332,132.9553986440989,46.53827019059099,15.960958862677217,79.14014188911233,86.4171284535079,red,red,True,True
v6_formal_v16,constant,2.0,cons,120.0,276a941960c5,True,True,149.0,16.0,0.0,125.63937094238054,132.93567506152343,46.875,16.0,78.76437094238054,86.06067506152343,red,red,False,False
v6_formal_v16,runs/v4r_s2/v4_pilot/supervised/final_nets.pt,2.0,cons,150.0,27f2ab2ddc16,True,True,147.0,16.0,0.0,157.63937094238054,163.1338946533203,46.875,16.0,110.76437094238054,116.25889465332031,red,red,False,False
v6_formal_v16,runs/v4r_s1/v4_pilot/supervised/final_nets.pt,4.0,early,,2934758504f6,True,True,146.0,15.093222633004189,-0.9067773669958115,174.09275962587844,192.30763244628906,33.93009994365275,15.093222633004189,140.1626596822257,158.3775325026363,red,red,True,True
v6_formal_v16,runs/v4r_s2/v4_pilot/supervised/final_nets.pt,3.0,cons,78.0,295cee378c6e,True,True,152.0,13.494380411967896,-2.4690340689088544,79.03656608971687,76.18745415082886,26.22892654487961,13.009863377513469,52.80763954483726,49.95852760594924,red,red,False,False
v6_formal_v16,runs/v4r_s1/v4_pilot/supervised/final_nets.pt,3.0,min,56.0,29af8d254681,True,True,154.5,12.942223704978826,0.3692308127880097,61.74277706787416,69.28361717233861,29.889066294115043,12.942223704978826,31.853710773759115,39.39455087822357,red,red,False,False
v6_formal_v16,runs/v4r_s1/v4_pilot/supervised/final_nets.pt,2.0,early,,2a482f87560d,True,True,146.0,15.093222633004189,-0.9067773669958115,174.09275962587844,192.30763244628906,37.4798923805356,15.093222633004189,136.61286724534284,154.82774006575346,red,red,False,False
v6_formal_v16,runs/v4r/v4_pilot/supervised/final_nets.pt,3.0,min,32.0,2ac0dcd93dfd,True,True,154.5,13.609683545783218,-3.5,38.74184930507954,35.58519514980292,26.688734183132876,12.359683545783218,12.053115121946664,8.896460966670045,red,red,True,True
v6_formal_v16,runs/v4r/v4_pilot/supervised/final_nets.pt,4.0,early,,2bc6d5903d81,True,True,146.0,16.0,0.0,173.63937094238054,192.30763244628906,40.0,16.0,133.63937094238054,152.30763244628906,red,red,True,True
v6_formal_v16,runs/v4r_s2/v4_pilot/supervised/final_nets.pt,4.0,min,89.0,2c699c5dca73,True,True,151.0,16.0,0.0,93.63937094238054,92.0523546500828,40.0,16.0,53.63937094238054,52.052354650082805,red,red,True,True
v6_formal_v16,runs/v4r_s1/v4_pilot/supervised/final_nets.pt,3.0,cons,32.0,2dbd7d93af6a,True,True,156.5,9.516476954568859,-2.359926228029689,38.731159677820415,40.69159696550406,13.170311625064361,9.086513840554014,25.560848052756054,27.5212853404397,red,red,False,False
v6_formal_v16,constant,2.0,min,150.0,2e9e5738c8b7,True,True,147.0,16.0,0.0,157.63937094238054,163.1338946533203,46.875,16.0,110.76437094238054,116.25889465332031,red,red,False,False
v6_formal_v16,runs/v4r_s2/v4_pilot/supervised/final_nets.pt,4.0,cons,100.0,304309b1a036,True,True,150.5,16.0,0.0,101.63937094238054,104.08543686797655,40.0,16.0,61.63937094238054,64.08543686797655,red,red,False,False
v6_formal_v16,runs/v4r_s1/v4_pilot/supervised/final_nets.pt,2.0,min,67.0,318d156b7186,True,True,153.5,12.572992892190815,0.3692308127880097,74.50038536645889,79.43671154307559,32.65539133679123,12.572992892190815,41.84499402966765,46.781320206284356,red,red,True,True
v6_formal_v16,runs/v4r_s2/v4_pilot/supervised/final_nets.pt,4.0,cons,67.0,33f3ee09ddc0,True,True,152.5,13.259863377513469,-0.46903406890885435,72.34800514234666,74.90870476142297,27.160014630849773,13.259863377513469,45.18799051149689,47.748690130573195,red,red,False,False
v6_formal_v16,runs/v4r_s1/v4_pilot/supervised/final_nets.pt,2.0,min,56.0,34b78e80f75f,True,True,154.5,12.942223704978826,0.3692308127880097,61.74277706787416,69.28361717233861,34.31692999433727,12.942223704978826,27.425847073536886,34.96668717800134,red,red,True,True
v6_formal_v16,runs/v4r/v4_pilot/supervised/final_nets.pt,2.0,cons,120.0,36be5120e2a9,True,True,149.0,15.960958862677217,-0.019520568661391735,125.67841207970332,132.9553986440989,46.53827019059099,15.960958862677217,79.14014188911233,86.4171284535079,red,red,True,True
v6_formal_v16,runs/v4r_s1/v4_pilot/supervised/final_nets.pt,4.0,min,78.0,3838c4e235f9,True,True,153.0,12.38837748579681,-0.2714553326368332,80.74072796095561,80.91730311945057,24.106368739623576,12.38837748579681,56.63435922133203,56.81093437982699,red,red,False,False
v6_formal_v16,runs/v4r/v4_pilot/supervised/final_nets.pt,2.0,min,44.0,3895f0244276,True,True,154.0,14.997319405428396,-0.9603018277601509,46.20612975970653,42.32380127097811,36.83423001338718,14.997319405428396,9.37189974631935,5.4895712575909315,red,red,True,True
v6_formal_v16,runs/v4r_s1/v4_pilot/supervised/final_nets.pt,3.0,min,89.0,39b2ab1c6c65,True,True,152.0,12.659832818433642,-0.2714553326368332,93.26483311307084,95.1717963856121,26.501737609505653,12.659832818433642,66.76309550356518,68.67005877610644,red,red,True,True
v6_formal_v16,runs/v4r_s2/v4_pilot/supervised/final_nets.pt,2.0,cons,56.0,3a341c15f165,True,True,153.5,12.790854768631927,0.28648900805019295,59.47024185331247,65.37013373814378,33.170347129126014,12.790854768631927,26.29989472418646,32.199786609017764,red,red,False,False
v6_formal_v16,runs/v4r/v4_pilot/supervised/final_nets.pt,4.0,min,44.0,3afd3909a4ab,True,True,154.0,15.539081307571978,-0.6395368497322476,45.87397717092199,41.699162006069415,36.50435007839287,15.539081307571978,9.369627092529122,5.194811927676547,red,red,True,True
v6_formal_v16,constant,3.0,min,44.0,3bb61cf4c932,True,True,154.0,15.359652439470057,-0.7368774378204174,45.93541225332274,41.776407948868865,36.615071422246864,15.359652439470057,9.320340831075875,5.1613365266220015,red,red,True,True
v6_formal_v16,runs/v4r/v4_pilot/supervised/final_nets.pt,4.0,min,89.0,3d4d039efc26,True,True,151.0,16.0,0.0,93.68817236403402,92.0549108263846,40.0,16.0,53.68817236403402,52.0549108263846,red,red,False,False
v6_formal_v16,runs/v4r_s1/v4_pilot/supervised/final_nets.pt,4.0,cons,32.0,3d7cd120ef4d,True,True,156.5,9.51741710646667,-2.3610106887500777,38.75091196075664,40.69552544972882,13.047897042783344,9.336911762091631,25.703014917973295,27.647628406945476,red,red,True,True
v6_formal_v16,runs/v4r_s2/v4_pilot/supervised/final_nets.pt,3.0,min,44.0,3f46e4911799,True,True,154.0,15.359652439470057,-0.7368774378204174,45.93541225332274,41.776407948868865,36.615071422246864,15.359652439470057,9.320340831075875,5.1613365266220015,red,red,True,True
v6_formal_v16,runs/v4r_s2/v4_pilot/supervised/final_nets.pt,3.0,min,120.0,3f5f0b8654af,True,True,149.0,16.0,0.0,125.63937094238054,132.93567506152343,42.3125,16.0,83.32687094238054,90.62317506152343,red,red,False,False
v6_formal_v16,constant,2.0,early,,3fd4200a9d1c,True,True,146.0,16.0,0.0,173.63937094238054,192.30763244628906,46.875,16.0,126.76437094238054,145.43263244628906,red,red,False,False
v6_formal_v16,runs/v4r_s2/v4_pilot/supervised/final_nets.pt,3.0,cons,67.0,41292263befe,True,True,152.5,13.009863377513469,-0.9690340689088544,72.41050514234666,74.98370476142296,26.222514630849773,13.009863377513469,46.18799051149689,48.76119013057318,red,red,False,False
v6_formal_v16,runs/v4r_s2/v4_pilot/supervised/final_nets.pt,4.0,min,44.0,43a0b7029dbe,True,True,154.0,15.539049515791618,-0.6395378581948422,45.82519934098809,41.69905791440081,36.50420487239824,15.539049515791618,9.320994468589852,5.1948530420025705,red,red,True,True
v6_formal_v16,constant,4.0,min,32.0,447021dcbf84,True,True,154.5,13.789049515791618,-3.5,38.49317458309224,35.48491258189128,27.34369806316647,13.039049515791618,11.14947651992577,8.141214518724809,red,red,True,True
v6_formal_v16,constant,4.0,min,78.0,4472f5244e00,True,True,151.5,16.0,0.0,85.63937094238054,78.03990583204188,40.0,16.0,45.63937094238054,38.03990583204188,red,red,False,False
v6_formal_v16,runs/v4r_s2/v4_pilot/supervised/final_nets.pt,4.0,cons,120.0,44ba72ec6e2f,True,True,149.0,16.0,0.0,125.63937094238054,132.93567506152343,40.0,16.0,85.63937094238054,92.93567506152343,red,red,False,False
v6_formal_v16,runs/v4r_s1/v4_pilot/supervised/final_nets.pt,3.0,min,44.0,452cc57c7094,True,True,155.5,13.164404008537534,0.07512979432940484,48.65270058380838,50.820796802226496,29.733070314303067,13.164404008537534,18.919630269505316,21.08772648792343,red,red,False,False
v6_formal_v16,runs/v4r_s1/v4_pilot/supervised/final_nets.pt,3.0,min,32.0,483bd153ead0,True,True,156.5,12.804342840121704,-0.7952521311610674,35.55952941879286,39.05486908348472,25.749594420924517,12.804342840121704,9.809934997868346,13.305274662560201,red,red,True,True
v6_formal_v16,runs/v4r/v4_pilot/supervised/final_nets.pt,3.0,min,89.0,4a25ee5bed86,True,True,151.0,16.0,0.0,93.68817236403402,92.0549108263846,42.3125,16.0,51.37567236403402,49.7424108263846,red,red,True,True
v6_formal_v16,constant,4.0,min,56.0,4b1729ee6e95,True,True,153.0,16.0,0.0,61.63937094238054,61.961018829642924,40.0,16.0,21.639370942380538,21.961018829642924,red,red,True,True
v6_formal_v16,runs/v4r/v4_pilot/supervised/final_nets.pt,3.0,min,56.0,4b335dc36b9b,True,True,153.0,16.0,0.0,61.68817236403402,61.961350110091644,42.3125,16.0,19.375672364034017,19.648850110091644,red,red,False,False
v6_formal_v16,runs/v4r_s2/v4_pilot/supervised/final_nets.pt,3.0,cons,56.0,4c5baf57756b,True,True,153.5,12.777429589473611,-0.7668768687855199,59.383247888666574,65.2933945158258,25.698326440151387,12.777429589473611,33.68492144851518,39.595068075674405,red,red,False,False
v6_formal_v16,runs/v4r/v4_pilot/supervised/final_nets.pt,2.0,cons,78.0,4ce511dda5bd,True,True,152.0,13.689602137161614,-2.540265241892257,78.92097076116306,76.0882198454137,27.258408548646457,12.649336895269357,51.662562212516605,48.82981129676725,red,red,True,True
v6_formal_v16,runs/v4r/v4_pilot/supervised/final_nets.pt,2.0,min,89.0,4e2abeeb421a,True,True,151.0,16.0,0.0,93.68817236403402,92.0549108263846,46.875,16.0,46.81317236403402,45.1799108263846,red,red,False,False
v6_formal_v16,runs/v4r/v4_pilot/supervised/final_nets.pt,2.0,min,78.0,5070f7952732,True,True,151.5,16.0,0.0,85.68817236403402,78.04143953782295,46.875,16.0,38.81317236403402,31.166439537822953,red,red,True,True
v6_formal_v16,runs/v4r_s2/v4_pilot/supervised/final_nets.pt,2.0,cons,44.0,50a5eee30f9a,True,True,154.5,11.806772419094695,-1.2546537071246568,47.10378542005219,53.66130547963603,22.747242345457465,11.679445565532367,24.356543074594725,30.914063134178562,red,red,False,False
v6_formal_v16,runs/v4r_s1/v4_pilot/supervised/final_nets.pt,3.0,cons,150.0,524030456bc8,True,True,147.5,13.924183782190084,-0.5245229676365852,152.42526841432255,150.2660007417351,30.75373513903469,13.924183782190084,121.67153327528786,119.51226560270041,red,red,False,False
v6_formal_v16,runs/v4r_s2/v4_pilot/supervised/final_nets.pt,2.0,early,,527a5d8639d8,True,True,146.0,16.0,0.0,173.63937094238054,192.30763244628906,46.875,16.0,126.76437094238054,145.43263244628906,red,red,False,False
v6_formal_v16,constant,3.0,cons,56.0,53d1f131be36,True,True,153.5,12.777429589473611,-0.7668768687855199,59.383247888666574,65.2933945158258,25.698326440151387,12.777429589473611,33.68492144851518,39.595068075674405,red,red,False,False
v6_formal_v16,runs/v4r_s1/v4_pilot/supervised/final_nets.pt,4.0,cons,100.0,54e43cd9f7aa,True,True,151.0,12.931288151070476,-0.10305558983236551,106.0603935978229,105.92417832909915,26.531923373346217,12.931288151070476,79.52847022447668,79.39225495575293,red,red,True,True
v6_formal_v16,runs/v4r/v4_pilot/supervised/final_nets.pt,4.0,cons,120.0,55b4318e81ff,True,True,149.0,15.960958862677217,-0.019520568661391735,125.67841207970332,132.9553986440989,39.77063331822865,15.960958862677217,85.90777876147467,93.18476532587025,red,red,False,False
v6_formal_v16,constant,4.0,cons,89.0,567488ea1071,True,True,151.0,15.729522052921366,-0.5409558941572676,93.70699042915021,92.1334980342064,37.57081796306196,15.729522052921366,56.13617246608825,54.562680071144435,red,red,False,False
v6_formal_v16,runs/v4r_s1/v4_pilot/supervised/final_nets.pt,3.0,early,,5701614d4d11,True,True,146.0,15.093222633004189,-0.9067773669958115,174.09275962587844,192.30763244628906,35.05509994365275,15.093222633004189,139.0376596822257,157.2525325026363,red,red,False,False
v6_formal_v16,runs/v4r_s1/v4_pilot/supervised/final_nets.pt,2.0,min,150.0,582e4c5c84a8,True,True,147.5,13.924183782190084,-0.5245229676365852,152.42526841432255,150.2660007417351,33.74823514930904,13.924183782190084,118.6770332650135,116.51776559242606,red,red,True,True
v6_formal_v16,runs/v4r/v4_pilot/supervised/final_nets.pt,4.0,cons,150.0,586606ebfa83,True,True,147.0,16.0,0.0,157.63937094238054,163.1338946533203,40.0,16.0,117.63937094238054,123.13389465332031,red,red,True,True
v6_formal_v16,runs/v4r/v4_pilot/supervised/final_nets.pt,4.0,cons,100.0,587ea04c80a3,True,True,150.5,16.0,0.0,101.68817236403402,104.08969716181286,40.0,16.0,61.68817236403402,64.08969716181286,red,red,False,False
v6_formal_v16,runs/v4r_s1/v4_pilot/supervised/final_nets.pt,2.0,min,44.0,5951c93e2214,True,True,155.5,13.164404008537534,0.07512979432940484,48.65270058380838,50.820796802226496,33.66242313152181,13.164404008537534,14.99027745228657,17.158373670704684,red,red,False,False
v6_formal_v16,constant,3.0,cons,120.0,5ae5f51f2829,True,True,149.0,16.0,0.0,125.63937094238054,132.93567506152343,42.3125,16.0,83.32687094238054,90.62317506152343,red,red,False,False
v6_formal_v16,runs/v4r_s2/v4_pilot/supervised/final_nets.pt,2.0,cons,120.0,5b75b9ec7475,True,True,149.0,16.0,0.0,125.63937094238054,132.93567506152343,46.875,16.0,78.76437094238054,86.06067506152343,red,red,False,False
v6_formal_v16,constant,4.0,min,150.0,5bc889f01449,True,True,147.0,16.0,0.0,157.63937094238054,163.1338946533203,40.0,16.0,117.63937094238054,123.13389465332031,red,red,False,False
v6_formal_v16,constant,2.0,cons,32.0,5e887b3815af,True,True,155.5,9.65840994474444,-2.4855954788204144,36.28688598701547,38.45646223549233,13.828632999521693,8.672814465924025,22.458252987493772,24.627829235970637,red,red,False,False
v6_formal_v16,runs/v4r_s2/v4_pilot/supervised/final_nets.pt,4.0,cons,78.0,5eef8fd43b5f,True,True,152.0,13.494380411967896,-2.4690340689088544,79.03656608971687,76.18745415082886,26.165021647871583,13.259863377513469,52.87154444184529,50.02243250295727,red,red,False,False
v6_formal_v16,runs/v4r_s2/v4_pilot/supervised/final_nets.pt,4.0,min,78.0,5fbb320202b8,True,True,151.5,16.0,0.0,85.63937094238054,78.03990583204188,40.0,16.0,45.63937094238054,38.03990583204188,red,red,False,False
v6_formal_v16,runs/v4r/v4_pilot/supervised/final_nets.pt,4.0,min,120.0,62c2ddb77195,True,True,149.0,15.960958862677217,-0.019520568661391735,125.67841207970332,132.9553986440989,39.77063331822865,15.960958862677217,85.90777876147467,93.18476532587025,red,red,False,False
v6_formal_v16,runs/v4r_s2/v4_pilot/supervised/final_nets.pt,2.0,min,67.0,6698ce404383,True,True,152.5,16.0,0.0,69.63937094238054,71.34785792082414,46.875,16.0,22.764370942380538,24.47285792082414,red,red,True,True
v6_formal_v16,runs/v4r/v4_pilot/supervised/final_nets.pt,4.0,min,56.0,670c8d33caa8,True,True,153.0,16.0,0.0,61.68817236403402,61.961350110091644,40.0,16.0,21.688172364034017,21.961350110091644,red,red,False,False
v6_formal_v16,runs/v4r/v4_pilot/supervised/final_nets.pt,3.0,min,67.0,6b6041104e30,True,True,152.5,16.0,0.0,69.68817236403402,71.34841005490534,42.3125,16.0,27.375672364034017,29.035910054905344,red,red,False,False
v6_formal_v16,runs/v4r/v4_pilot/supervised/final_nets.pt,2.0,min,150.0,6eecb93a936a,True,True,147.0,16.0,0.0,157.63937094238054,163.1338946533203,46.875,16.0,110.76437094238054,116.25889465332031,red,red,False,False
v6_formal_v16,runs/v4r_s2/v4_pilot/supervised/final_nets.pt,2.0,min,44.0,6f095cc60e55,True,True,154.0,14.997285589961525,-0.9602984850861094,46.15736688570678,42.323701209964504,36.83409121448242,14.997285589961525,9.323275671224359,5.489609995482084,red,red,True,True
v6_formal_v16,runs/v4r_s2/v4_pilot/supervised/final_nets.pt,4.0,cons,89.0,70b04f45b2b1,True,True,151.0,15.729522052921366,-0.5409558941572676,93.70699042915021,92.1334980342064,37.57081796306196,15.729522052921366,56.13617246608825,54.562680071144435,red,red,False,False
v6_formal_v16,runs/v4r_s2/v4_pilot/supervised/final_nets.pt,2.0,cons,32.0,724fac34a048,True,True,155.5,9.65840994474444,-2.4855954788204144,36.28688598701547,38.45646223549233,13.828632999521693,8.672814465924025,22.458252987493772,24.627829235970637,red,red,False,False
v6_formal_v16,constant,3.0,min,56.0,726bf52a7ce6,True,True,153.0,16.0,0.0,61.63937094238054,61.961018829642924,42.3125,16.0,19.326870942380538,19.648518829642924,red,red,False,False
v6_formal_v16,runs/v4r_s1/v4_pilot/supervised/final_nets.pt,4.0,min,89.0,738135d7125a,True,True,152.0,12.659832818433642,-0.2714553326368332,93.26483311307084,95.1717963856121,25.130352525040507,12.659832818433642,68.13448058803033,70.04144386057159,red,red,False,False
v6_formal_v16,runs/v4r/v4_pilot/supervised/final_nets.pt,4.0,min,67.0,7552a7f8cce9,True,True,152.5,16.0,0.0,69.68817236403402,71.34841005490534,40.0,16.0,29.688172364034017,31.348410054905344,red,red,True,True
v6_formal_v16,runs/v4r_s1/v4_pilot/supervised/final_nets.pt,4.0,min,44.0,76d2e91ec2a1,True,True,155.5,13.164404008537534,0.07512979432940484,48.65270058380838,50.820796802226496,27.798484398517775,13.164404008537534,20.854216185290607,23.02231240370872,red,red,True,True
v6_formal_v16,runs/v4r_s2/v4_pilot/supervised/final_nets.pt,3.0,cons,44.0,772ef1788d8a,True,True,154.5,11.80983800482419,-0.7522878845768943,47.143440016535806,53.6774208024807,22.174465204447213,11.80983800482419,24.968974812088593,31.502955598033484,red,red,False,False
v6_formal_v16,runs/v4r_s2/v4_pilot/supervised/final_nets.pt,3.0,min,67.0,773a1a73536d,True,True,152.5,16.0,0.0,69.63937094238054,71.34785792082414,42.3125,16.0,27.326870942380538,29.03535792082414,red,red,False,False
v6_formal_v16,runs/v4r/v4_pilot/supervised/final_nets.pt,4.0,cons,78.0,777ce7d59c11,True,True,152.0,13.494513430828455,-2.469192640702989,79.08505544120999,76.18825895856065,26.16555372331382,13.25991711047696,52.91950171789617,50.02270523524683,red,red,False,False
v6_formal_v16,constant,2.0,cons,44.0,77f1ad3dfbd2,True,True,154.5,11.806772419094695,-1.2546537071246568,47.10378542005219,53.66130547963603,22.747242345457465,11.679445565532367,24.356543074594725,30.914063134178562,red,red,False,False
v6_formal_v16,constant,4.0,cons,120.0,79a21624670e,True,True,149.0,16.0,0.0,125.63937094238054,132.93567506152343,40.0,16.0,85.63937094238054,92.93567506152343,red,red,False,False
v6_formal_v16,runs/v4r_s2/v4_pilot/supervised/final_nets.pt,2.0,min,32.0,7b84c437386b,True,True,154.5,13.247285589961525,-3.5,39.09622409072608,36.02222773697853,25.552320962355715,10.997285589961525,13.543903128370367,10.469906774622814,red,red,True,True
v6_formal_v16,runs/v4r/v4_pilot/supervised/final_nets.pt,2.0,cons,56.0,7bf8d3626538,True,True,153.5,12.790794420883218,0.28291505122772165,59.51646841590946,65.36978859660088,33.14997205713042,12.790794420883218,26.366496358779038,32.219816539470465,red,red,True,True
v6_formal_v16,runs/v4r/v4_pilot/supervised/final_nets.pt,2.0,min,100.0,7eb23961f395,True,True,150.5,16.0,0.0,101.68817236403402,104.08969716181286,46.875,16.0,54.81317236403402,57.214697161812865,red,red,True,True
v6_formal_v16,runs/v4r_s1/v4_pilot/supervised/final_nets.pt,3.0,cons,56.0,7eb37833456f,True,True,154.5,12.942223704978826,0.3692308127880097,61.74277706787416,69.28361717233861,29.889066294115043,12.942223704978826,31.853710773759115,39.39455087822357,red,red,False,False
v6_formal_v16,constant,3.0,cons,67.0,7f23f53d85e8,True,True,152.5,13.009863377513469,-0.9690340689088544,72.41050514234666,74.98370476142296,26.222514630849773,13.009863377513469,46.18799051149689,48.76119013057318,red,red,False,False
v6_formal_v16,constant,2.0,min,56.0,81cb9bf8fc8b,True,True,153.0,15.987930485862307,-0.0241390282753855,61.64238832091496,61.96463968388423,46.64869660991826,15.987930485862307,14.9936917109967,15.315943073965968,red,red,True,True
v6_formal_v16,runs/v4r/v4_pilot/supervised/final_nets.pt,3.0,min,120.0,8247402f284d,True,True,149.0,15.960958862677217,-0.019520568661391735,125.67841207970332,132.9553986440989,42.02945175440982,15.960958862677217,83.6489603252935,90.92594688968907,red,red,True,True
v6_formal_v16,runs/v4r/v4_pilot/supervised/final_nets.pt,3.0,cons,67.0,82cda9c36522,True,True,152.5,13.00991711047696,-0.9691926407029889,72.45894780588378,74.984171526173,26.222432240589736,13.00991711047696,46.23651556529404,48.76173928558326,red,red,False,False
v6_formal_v16,runs/v4r_s2/v4_pilot/supervised/final_nets.pt,4.0,min,56.0,8357577a08de,True,True,153.0,16.0,0.0,61.63937094238054,61.961018829642924,40.0,16.0,21.639370942380538,21.961018829642924,red,red,True,True
v6_formal_v16,runs/v4r/v4_pilot/supervised/final_nets.pt,2.0,cons,150.0,839f6f560d26,True,True,147.0,16.0,0.0,157.63937094238054,163.1338946533203,46.875,16.0,110.76437094238054,116.25889465332031,red,red,False,False
v6_formal_v16,runs/v4r_s1/v4_pilot/supervised/final_nets.pt,2.0,cons,32.0,84d660033226,True,True,156.5,9.509018964477,-2.3513183636238253,38.56848051279576,40.660448018989044,13.585654197781972,8.657700600853175,24.98282631501379,27.074793821207074,red,red,True,True
v6_formal_v16,runs/v4r/v4_pilot/supervised/final_nets.pt,2.0,min,67.0,872fafa91bd6,True,True,152.5,16.0,0.0,69.68817236403402,71.34841005490534,46.875,16.0,22.813172364034017,24.473410054905344,red,red,True,True
v6_formal_v16,runs/v4r_s2/v4_pilot/supervised/final_nets.pt,3.0,cons,89.0,874b5b5fc45f,True,True,151.0,15.729522052921366,-0.5409558941572676,93.70699042915021,92.1334980342064,38.74807898952265,15.729522052921366,54.95891143962756,53.38541904468375,red,red,False,False
v6_formal_v16,runs/v4r_s1/v4_pilot/supervised/final_nets.pt,3.0,min,120.0,8825e7da75ea,True,True,149.5,13.085871535819024,-0.10305558983236551,125.57326336299002,136.87142427646017,28.795291578862816,13.085871535819024,96.7779717841272,108.07613269759736,red,red,False,False
v6_formal_v16,runs/v4r/v4_pilot/supervised/final_nets.pt,3.0,cons,100.0,88f646184b02,True,True,150.5,16.0,0.0,101.68817236403402,104.08969716181286,42.3125,16.0,59.37567236403402,61.777197161812865,red,red,False,False
v6_formal_v16,constant,2.0,min,44.0,89a492168601,True,True,154.0,14.997285589961525,-0.9602984850861094,46.15736688570678,42.323701209964504,36.83409121448242,14.997285589961525,9.323275671224359,5.489609995482084,red,red,True,True
v6_formal_v16,runs/v4r_s2/v4_pilot/supervised/final_nets.pt,3.0,min,89.0,8a0b129ca9cc,True,True,151.0,16.0,0.0,93.63937094238054,92.0523546500828,42.3125,16.0,51.32687094238054,49.739854650082805,red,red,True,True
v6_formal_v16,runs/v4r_s2/v4_pilot/supervised/final_nets.pt,2.0,cons,78.0,8b4d3829f43a,True,True,152.0,13.688566158764099,-2.5409558941572676,78.87294632330759,76.08777202809432,27.254264635056394,12.647610264606831,51.61868168825119,48.83350739303793,red,red,False,False
v6_formal_v16,runs/v4r_s2/v4_pilot/supervised/final_nets.pt,2.0,min,56.0,8c0c20b455c3,True,True,153.0,15.987930485862307,-0.0241390282753855,61.64238832091496,61.96463968388423,46.64869660991826,15.987930485862307,14.9936917109967,15.315943073965968,red,red,True,True
v6_formal_v16,runs/v4r/v4_pilot/supervised/final_nets.pt,4.0,cons,67.0,8cdaa4db7670,True,True,152.5,13.25991711047696,-0.46919264070298894,72.39644780588378,74.909171526173,27.159932240589736,13.25991711047696,45.23651556529404,47.74923928558326,red,red,False,False
v6_formal_v16,runs/v4r_s1/v4_pilot/supervised/final_nets.pt,3.0,min,78.0,8d44b2106f72,True,True,153.0,12.38837748579681,-0.2714553326368332,80.74072796095561,80.91730311945057,25.449185740668327,12.38837748579681,55.29154222028728,55.46811737878224,red,red,True,True
v6_formal_v16,constant,4.0,cons,56.0,8d90ecd5b19d,True,True,153.5,12.773156102961147,-0.7608881119852668,59.26295019275085,65.26898477746381,24.69278119013008,12.773156102961147,34.57016900262077,40.57620358733374,red,red,False,False
v6_formal_v16,runs/v4r_s1/v4_pilot/supervised/final_nets.pt,4.0,min,150.0,8ed1bbb78447,True,True,147.5,13.924183782190084,-0.5245229676365852,152.42526841432255,150.2660007417351,29.71325456444174,13.924183782190084,122.7120138498808,120.55274617729336,red,red,False,False
v6_formal_v16,constant,4.0,cons,67.0,8ed41f111768,True,True,152.5,13.259863377513469,-0.46903406890885435,72.34800514234666,74.90870476142297,27.160014630849773,13.259863377513469,45.18799051149689,47.748690130573195,red,red,False,False
v6_formal_v16,runs/v4r/v4_pilot/supervised/final_nets.pt,3.0,cons,78.0,8ef5fa4edf8b,True,True,152.0,13.494513430828455,-2.469192640702989,79.08505544120999,76.18825895856065,26.22942536560671,13.00991711047696,52.85563007560328,49.958833592953944,red,red,False,False
v6_formal_v16,runs/v4r_s1/v4_pilot/supervised/final_nets.pt,2.0,min,89.0,905a968b42fa,True,True,152.0,12.659832818433642,-0.2714553326368332,93.26483311307084,95.1717963856121,29.629148981999606,12.659832818433642,63.63568413107123,65.54264740361249,red,red,True,True
v6_formal_v16,runs/v4r/v4_pilot/supervised/final_nets.pt,4.0,cons,89.0,90f2d1fb2889,True,True,151.0,15.729867379053871,-0.5402652418922571,93.75570551927058,92.13595061266844,37.573839566721375,15.729867379053871,56.1818659525492,54.56211104594706,red,red,False,False
v6_formal_v16,constant,4.0,min,44.0,93c7a3f92239,True,True,154.0,15.539049515791618,-0.6395378581948422,45.82519934098809,41.69905791440081,36.50420487239824,15.539049515791618,9.320994468589852,5.1948530420025705,red,red,True,True
v6_formal_v16,runs/v4r_s2/v4_pilot/supervised/final_nets.pt,4.0,min,100.0,93c8b1781b5e,True,True,150.5,16.0,0.0,101.63937094238054,104.08543686797655,40.0,16.0,61.63937094238054,64.08543686797655,red,red,False,False
v6_formal_v16,constant,3.0,min,32.0,93c950d3890a,True,True,154.5,13.609652439470057,-3.5,38.69308603358786,35.58514172546859,26.688609757880226,12.359652439470057,12.004476275707635,8.896531967588363,red,red,True,True
v6_formal_v16,constant,4.0,min,67.0,95fb2e964879,True,True,152.5,16.0,0.0,69.63937094238054,71.34785792082414,40.0,16.0,29.639370942380538,31.34785792082414,red,red,True,True
v6_formal_v16,runs/v4r_s1/v4_pilot/supervised/final_nets.pt,4.0,cons,120.0,9636178d76a8,True,True,149.5,13.085871535819024,-0.10305558983236551,125.57326336299002,136.87142427646017,27.15025691234041,13.085871535819024,98.42300645064961,109.72116736411976,red,red,True,True
v6_formal_v16,runs/v4r_s2/v4_pilot/supervised/final_nets.pt,3.0,min,150.0,978e1215da96,True,True,147.0,16.0,0.0,157.63937094238054,163.1338946533203,42.3125,16.0,115.32687094238054,120.82139465332031,red,red,False,False
v6_formal_v16,runs/v4r/v4_pilot/supervised/final_nets.pt,3.0,cons,150.0,984d82c3b5ac,True,True,147.0,16.0,0.0,157.63937094238054,163.1338946533203,42.3125,16.0,115.32687094238054,120.82139465332031,red,red,False,False
v6_formal_v16,runs/v4r/v4_pilot/supervised/final_nets.pt,3.0,cons,44.0,9b24045e7d42,True,True,154.5,11.809847330742377,-0.7523010226478739,47.19182306223502,53.67746983417666,22.174476495795528,11.809847330742377,25.01734656643949,31.502993338381135,red,red,False,False
v6_formal_v16,runs/v4r_s2/v4_pilot/supervised/final_nets.pt,4.0,early,,9d44601b60ee,True,True,146.0,16.0,0.0,173.63937094238054,192.30763244628906,40.0,16.0,133.63937094238054,152.30763244628906,red,red,False,False
v6_formal_v16,constant,2.0,min,89.0,9e76005f8234,True,True,151.0,16.0,0.0,93.63937094238054,92.0523546500828,46.875,16.0,46.76437094238054,45.177354650082805,red,red,False,False
v6_formal_v16,constant,2.0,cons,78.0,9faefa30cc47,True,True,152.0,13.688566158764099,-2.5409558941572676,78.87294632330759,76.08777202809432,27.254264635056394,12.647610264606831,51.61868168825119,48.83350739303793,red,red,False,False
v6_formal_v16,runs/v4r_s2/v4_pilot/supervised/final_nets.pt,3.0,min,56.0,a0b9f6babd36,True,True,153.0,16.0,0.0,61.63937094238054,61.961018829642924,42.3125,16.0,19.326870942380538,19.648518829642924,red,red,False,False
v6_formal_v16,runs/v4r/v4_pilot/supervised/final_nets.pt,2.0,cons,44.0,a140c9777410,True,True,154.5,11.57370947211094,-1.7170849487722784,47.20921646941224,51.88903822230481,20.842720110633337,11.2151669977248,26.366496358778903,31.046318111671475,red,red,True,True
v6_formal_v16,constant,2.0,min,32.0,a1f9bf07f711,True,True,154.5,13.247285589961525,-3.5,39.09622409072608,36.02222773697853,25.552320962355715,10.997285589961525,13.543903128370367,10.469906774622814,red,red,True,True
v6_formal_v16,runs/v4r_s2/v4_pilot/supervised/final_nets.pt,2.0,cons,67.0,a34277353bd5,True,True,152.5,12.918088211685465,-1.5409558941572676,72.2212827306953,74.95142803753063,25.99615797904528,12.647610264606831,46.225124751650014,48.955270058485354,red,red,False,False
v6_formal_v16,constant,2.0,cons,56.0,a4060e6486a8,True,True,153.5,12.790854768631927,0.28648900805019295,59.47024185331247,65.37013373814378,33.170347129126014,12.790854768631927,26.29989472418646,32.199786609017764,red,red,False,False
v6_formal_v16,runs/v4r/v4_pilot/supervised/final_nets.pt,4.0,cons,56.0,a53bbb668b20,True,True,153.5,12.773182703182213,-0.7609253999304144,59.31135015089512,65.26913668875264,24.692815687055077,12.773182703182213,34.61853446384005,40.576321001697565,red,red,False,False
v6_formal_v16,runs/v4r_s2/v4_pilot/supervised/final_nets.pt,4.0,cons,150.0,a5da90671bdf,True,True,147.0,16.0,0.0,157.63937094238054,163.1338946533203,40.0,16.0,117.63937094238054,123.13389465332031,red,red,False,False
v6_formal_v16,runs/v4r_s1/v4_pilot/supervised/final_nets.pt,2.0,cons,67.0,a77210b026c5,True,True,153.5,12.572992892190815,0.3692308127880097,74.50038536645889,79.43671154307559,32.65539133679123,12.572992892190815,41.84499402966765,46.781320206284356,red,red,True,True
v6_formal_v16,constant,4.0,min,89.0,a87e4697c302,True,True,151.0,16.0,0.0,93.63937094238054,92.0523546500828,40.0,16.0,53.63937094238054,52.052354650082805,red,red,True,True
v6_formal_v16,runs/v4r_s1/v4_pilot/supervised/final_nets.pt,2.0,min,32.0,a8a9ca8de462,True,True,156.5,12.817201331033013,-0.34997312015181237,35.661205303361385,39.08877211883812,29.885746776093292,12.817201331033013,5.775458527268093,9.20302534274483,red,red,True,True
v6_formal_v16,runs/v4r_s2/v4_pilot/supervised/final_nets.pt,4.0,min,120.0,a9d58f9d5f05,True,True,149.0,16.0,0.0,125.63937094238054,132.93567506152343,40.0,16.0,85.63937094238054,92.93567506152343,red,red,False,False
v6_formal_v16,constant,3.0,min,67.0,aac38dc54e14,True,True,152.5,16.0,0.0,69.63937094238054,71.34785792082414,42.3125,16.0,27.326870942380538,29.03535792082414,red,red,False,False
v6_formal_v16,constant,3.0,cons,44.0,abb1958e8c8e,True,True,154.5,11.80983800482419,-0.7522878845768943,47.143440016535806,53.6774208024807,22.174465204447213,11.80983800482419,24.968974812088593,31.502955598033484,red,red,False,False
v6_formal_v16,runs/v4r_s2/v4_pilot/supervised/final_nets.pt,4.0,cons,44.0,abd0bf3912c1,True,True,154.5,11.80833945899134,-0.7501765363046751,47.02586243869109,53.66954262001464,21.29765123497459,11.80833945899134,25.7282112037165,32.371891385040044,red,red,False,False
v6_formal_v16,runs/v4r_s1/v4_pilot/supervised/final_nets.pt,3.0,cons,100.0,abe1e663d5a7,True,True,151.0,12.931288151070476,-0.10305558983236551,106.0603935978229,105.92417832909915,28.176958039868623,12.931288151070476,77.88343555795427,77.74722028923053,red,red,False,False
v6_formal_v16,runs/v4r/v4_pilot/supervised/final_nets.pt,3.0,cons,32.0,acb0d2d710a1,True,True,155.5,9.659615311108917,-2.4869655685120833,36.37290835408976,38.46157951919976,13.563942105549522,9.166132526852875,22.808966248540237,24.897637413650237,red,red,False,False
v6_formal_v16,runs/v4r_s2/v4_pilot/supervised/final_nets.pt,4.0,min,150.0,acd746c8f0a8,True,True,147.0,16.0,0.0,157.63937094238054,163.1338946533203,40.0,16.0,117.63937094238054,123.13389465332031,red,red,False,False
v6_formal_v16,runs/v4r_s1/v4_pilot/supervised/final_nets.pt,3.0,cons,120.0,afe4fcbb0593,True,True,149.5,13.085871535819024,-0.10305558983236551,125.57326336299002,136.87142427646017,28.795291578862816,13.085871535819024,96.7779717841272,108.07613269759736,red,red,False,False
v6_formal_v16,constant,2.0,min,100.0,aff6404ef33a,True,True,150.5,16.0,0.0,101.63937094238054,104.08543686797655,46.875,16.0,54.76437094238054,57.210436867976554,red,red,False,False
v6_formal_v16,constant,3.0,early,,b393fa748004,True,True,146.0,16.0,0.0,173.63937094238054,192.30763244628906,42.3125,16.0,131.32687094238054,149.99513244628906,red,red,False,False
v6_formal_v16,runs/v4r_s2/v4_pilot/supervised/final_nets.pt,4.0,cons,32.0,b4103c50dd99,True,True,155.5,9.659024200607607,-2.486293705900767,36.2079359970121,38.45906992277708,13.437316551670921,9.415877347657224,22.77061944534118,25.02175337110616,red,red,False,False
v6_formal_v16,runs/v4r_s2/v4_pilot/supervised/final_nets.pt,2.0,cons,89.0,b50e564b0aad,True,True,151.0,15.729522052921366,-0.5409558941572676,93.70699042915021,92.1334980342064,42.08830874089912,15.729522052921366,51.61868168825109,50.045189293307274,red,red,False,False
v6_formal_v16,constant,3.0,min,120.0,b538444f6d15,True,True,149.0,16.0,0.0,125.63937094238054,132.93567506152343,42.3125,16.0,83.32687094238054,90.62317506152343,red,red,False,False
v6_formal_v16,constant,2.0,min,67.0,b55011ab784c,True,True,152.5,16.0,0.0,69.63937094238054,71.34785792082414,46.875,16.0,22.764370942380538,24.47285792082414,red,red,True,True
v6_formal_v16,runs/v4r_s1/v4_pilot/supervised/final_nets.pt,2.0,cons,56.0,b5b04f6d08be,True,True,154.5,12.942223704978826,0.3692308127880097,61.74277706787416,69.28361717233861,34.31692999433727,12.942223704978826,27.425847073536886,34.96668717800134,red,red,True,True
v6_formal_v16,constant,3.0,cons,150.0,b6dff932503b,True,True,147.0,16.0,0.0,157.63937094238054,163.1338946533203,42.3125,16.0,115.32687094238054,120.82139465332031,red,red,False,False
v6_formal_v16,runs/v4r_s1/v4_pilot/supervised/final_nets.pt,2.0,cons,150.0,bafdb559daf5,True,True,147.5,13.924183782190084,-0.5245229676365852,152.42526841432255,150.2660007417351,33.74823514930904,13.924183782190084,118.6770332650135,116.51776559242606,red,red,True,True
v6_formal_v16,runs/v4r_s2/v4_pilot/supervised/final_nets.pt,2.0,min,100.0,bb4f2e360ad6,True,True,150.5,16.0,0.0,101.63937094238054,104.08543686797655,46.875,16.0,54.76437094238054,57.210436867976554,red,red,False,False
v6_formal_v16,runs/v4r_s2/v4_pilot/supervised/final_nets.pt,3.0,min,32.0,bc01867a0b33,True,True,154.5,13.609652439470057,-3.5,38.69308603358786,35.58514172546859,26.688609757880226,12.359652439470057,12.004476275707635,8.896531967588363,red,red,True,True
v6_formal_v16,runs/v4r_s2/v4_pilot/supervised/final_nets.pt,2.0,min,120.0,bdc81fc8af31,True,True,149.0,16.0,0.0,125.63937094238054,132.93567506152343,46.875,16.0,78.76437094238054,86.06067506152343,red,red,False,False
v6_formal_v16,constant,4.0,early,,bdee3d052ad1,True,True,146.0,16.0,0.0,173.63937094238054,192.30763244628906,40.0,16.0,133.63937094238054,152.30763244628906,red,red,False,False
v6_formal_v16,runs/v4r/v4_pilot/supervised/final_nets.pt,3.0,cons,56.0,be14720708c0,True,True,153.5,12.777456181546013,-0.7669141230575001,59.43164786134048,65.29354643405658,25.698360965446927,12.777456181546013,33.733286895893556,39.59518546860966,red,red,False,False
v6_formal_v16,constant,4.0,cons,44.0,c0a60076962e,True,True,154.5,11.80833945899134,-0.7501765363046751,47.02586243869109,53.66954262001464,21.29765123497459,11.80833945899134,25.7282112037165,32.371891385040044,red,red,False,False
v6_formal_v16,constant,3.0,min,89.0,c187be455478,True,True,151.0,16.0,0.0,93.63937094238054,92.0523546500828,42.3125,16.0,51.32687094238054,49.739854650082805,red,red,True,True
v6_formal_v16,constant,2.0,min,78.0,c24d693402b3,True,True,151.5,16.0,0.0,85.63937094238054,78.03990583204188,46.875,16.0,38.76437094238054,31.16490583204188,red,red,False,False
v6_formal_v16,constant,2.0,min,120.0,c24dc32096ae,True,True,149.0,16.0,0.0,125.63937094238054,132.93567506152343,46.875,16.0,78.76437094238054,86.06067506152343,red,red,False,False
v6_formal_v16,runs/v4r_s1/v4_pilot/supervised/final_nets.pt,4.0,cons,56.0,c27a62898933,True,True,154.5,12.942223704978826,0.3692308127880097,61.74277706787416,69.28361717233861,27.46120259389282,12.942223704978826,34.28157447398134,41.82241457844579,red,red,True,True
v6_formal_v16,runs/v4r/v4_pilot/supervised/final_nets.pt,3.0,min,100.0,c29765ad98e5,True,True,150.5,16.0,0.0,101.68817236403402,104.08969716181286,42.3125,16.0,59.37567236403402,61.777197161812865,red,red,False,False
v6_formal_v16,runs/v4r_s1/v4_pilot/supervised/final_nets.pt,4.0,cons,67.0,c37f0276ca8b,True,True,153.5,12.572992892190815,0.3692308127880097,74.50038536645889,79.43671154307559,25.98427934274078,12.572992892190815,48.51610602371811,53.45243220033481,red,red,True,True
v6_formal_v16,constant,2.0,cons,100.0,c38af4b84810,True,True,150.5,16.0,0.0,101.63937094238054,104.08543686797655,46.875,16.0,54.76437094238054,57.210436867976554,red,red,False,False
v6_formal_v16,runs/v4r_s2/v4_pilot/supervised/final_nets.pt,4.0,min,32.0,c43bd70f69b0,True,True,154.5,13.789049515791618,-3.5,38.49317458309224,35.48491258189128,27.34369806316647,13.039049515791618,11.14947651992577,8.141214518724809,red,red,True,True
v6_formal_v16,constant,3.0,min,100.0,c82a5a49901a,True,True,150.5,16.0,0.0,101.63937094238054,104.08543686797655,42.3125,16.0,59.32687094238054,61.772936867976554,red,red,False,False
v6_formal_v16,runs/v4r/v4_pilot/supervised/final_nets.pt,2.0,cons,32.0,c85c389142d3,True,True,155.5,9.525409315145493,-2.3330114725580096,36.58847924688598,37.524920557987485,13.653611275952596,8.692397842587484,22.934867970933386,23.87130928203489,red,red,True,True
v6_formal_v16,runs/v4r_s2/v4_pilot/supervised/final_nets.pt,2.0,min,78.0,c88663cb98f5,True,True,151.5,16.0,0.0,85.63937094238054,78.03990583204188,46.875,16.0,38.76437094238054,31.16490583204188,red,red,False,False
v6_formal_v16,runs/v4r_s1/v4_pilot/supervised/final_nets.pt,3.0,cons,67.0,c8ca054ad315,True,True,153.5,12.572992892190815,0.3692308127880097,74.50038536645889,79.43671154307559,28.39677941352131,12.572992892190815,46.10360595293758,51.03993212955428,red,red,False,False
v6_formal_v16,runs/v4r_s2/v4_pilot/supervised/final_nets.pt,3.0,min,100.0,c9b5b40dd11d,True,True,150.5,16.0,0.0,101.63937094238054,104.08543686797655,42.3125,16.0,59.32687094238054,61.772936867976554,red,red,False,False
v6_formal_v16,runs/v4r_s1/v4_pilot/supervised/final_nets.pt,2.0,cons,78.0,c9c85ae5d72f,True,True,153.0,12.38837748579681,-0.2714553326368332,80.74072796095561,80.91730311945057,28.542665196582675,12.38837748579681,52.198062764372935,52.37463792286789,red,red,True,True
v6_formal_v16,runs/v4r/v4_pilot/supervised/final_nets.pt,2.0,cons,89.0,cb50b34c7989,True,True,151.0,15.729867379053871,-0.5402652418922571,93.75570551927058,92.13595061266844,42.0931433067542,15.729867379053871,51.66256221251638,50.04280730591424,red,red,True,True
v6_formal_v16,runs/v4r/v4_pilot/supervised/final_nets.pt,4.0,cons,32.0,cf442c1b5f69,True,True,155.5,9.659027856631713,-2.486297861543239,36.256312912109024,38.45908544414957,13.437326605737212,9.415878925860094,22.818986306371812,25.02175883841236,red,red,False,False
v6_formal_v16,runs/v4r_s2/v4_pilot/supervised/final_nets.pt,3.0,cons,100.0,d12a0618dc6f,True,True,150.5,16.0,0.0,101.63937094238054,104.08543686797655,42.3125,16.0,59.32687094238054,61.772936867976554,red,red,False,False
v6_formal_v16,runs/v4r_s2/v4_pilot/supervised/final_nets.pt,4.0,cons,56.0,d17d09ec0056,True,True,153.5,12.773156102961147,-0.7608881119852668,59.26295019275085,65.26898477746381,24.69278119013008,12.773156102961147,34.57016900262077,40.57620358733374,red,red,False,False
v6_formal_v16,runs/v4r/v4_pilot/supervised/final_nets.pt,2.0,min,56.0,d37ac2cd6acb,True,True,153.0,15.987955186632462,-0.024089626735076308,61.6911835673759,61.96496355410191,46.64915974935866,15.987955186632462,15.042023818017242,15.315803804743247,red,red,True,True
v6_formal_v16,runs/v4r_s2/v4_pilot/supervised/final_nets.pt,3.0,cons,120.0,d402086daa3f,True,True,149.0,16.0,0.0,125.63937094238054,132.93567506152343,42.3125,16.0,83.32687094238054,90.62317506152343,red,red,False,False
v6_formal_v16,runs/v4r_s2/v4_pilot/supervised/final_nets.pt,3.0,early,,d844da9eca44,True,True,146.0,16.0,0.0,173.63937094238054,192.30763244628906,42.3125,16.0,131.32687094238054,149.99513244628906,red,red,False,False
v6_formal_v16,runs/v4r_s1/v4_pilot/supervised/final_nets.pt,4.0,cons,150.0,d93bd5f60705,True,True,147.5,13.924183782190084,-0.5245229676365852,152.42526841432255,150.2660007417351,29.71325456444174,13.924183782190084,122.7120138498808,120.55274617729336,red,red,False,False
v6_formal_v16,runs/v4r_s1/v4_pilot/supervised/final_nets.pt,4.0,min,100.0,d94f9b78f92f,True,True,151.0,12.931288151070476,-0.10305558983236551,106.0603935978229,105.92417832909915,26.531923373346217,12.931288151070476,79.52847022447668,79.39225495575293,red,red,True,True
v6_formal_v16,runs/v4r_s2/v4_pilot/supervised/final_nets.pt,2.0,cons,100.0,da697250fc83,True,True,150.5,16.0,0.0,101.63937094238054,104.08543686797655,46.875,16.0,54.76437094238054,57.210436867976554,red,red,False,False
v6_formal_v16,runs/v4r_s1/v4_pilot/supervised/final_nets.pt,4.0,cons,78.0,db21bc448e38,True,True,153.0,12.38837748579681,-0.2714553326368332,80.74072796095561,80.91730311945057,24.106368739623576,12.38837748579681,56.63435922133203,56.81093437982699,red,red,False,False
v6_formal_v16,runs/v4r/v4_pilot/supervised/final_nets.pt,2.0,cons,67.0,dc20076761a7,True,True,152.5,12.919469516215486,-1.540265241892257,72.26870284781899,74.95128233656327,26.00254651249662,12.649336895269357,46.266156335322364,48.948735824066645,red,red,True,True
v6_formal_v16,constant,3.0,cons,32.0,dd4dfd5203df,True,True,155.5,9.65961165505209,-2.4869614131642095,36.324531420749736,38.4615639966778,13.563932051393248,9.166130948469986,22.760599369356488,24.897631945284555,red,red,False,False
v6_formal_v16,constant,3.0,cons,100.0,ddbd96244e0e,True,True,150.5,16.0,0.0,101.63937094238054,104.08543686797655,42.3125,16.0,59.32687094238054,61.772936867976554,red,red,False,False
v6_formal_v16,runs/v4r_s1/v4_pilot/supervised/final_nets.pt,4.0,cons,44.0,df64cc712fce,True,True,155.5,11.459431328761587,-2.274249400296359,49.344085294984325,51.939429319303414,18.86815181847516,11.322306628613408,30.475933476509166,33.07127750082826,red,red,True,True
v6_formal_v16,runs/v4r_s1/v4_pilot/supervised/final_nets.pt,2.0,cons,100.0,e14c0a208fe3,True,True,151.0,12.931288151070476,-0.10305558983236551,106.0603935978229,105.92417832909915,31.666932795429602,12.931288151070476,74.39346080239329,74.25724553366955,red,red,False,False
v6_formal_v16,runs/v4r_s1/v4_pilot/supervised/final_nets.pt,4.0,cons,89.0,e2be5714fe44,True,True,152.0,12.659832818433642,-0.2714553326368332,93.26483311307084,95.1717963856121,25.130352525040507,12.659832818433642,68.13448058803033,70.04144386057159,red,red,False,False
v6_formal_v16,runs/v4r/v4_pilot/supervised/final_nets.pt,3.0,early,,e2dbe92529b4,True,True,146.0,16.0,0.0,173.63937094238054,192.30763244628906,42.3125,16.0,131.32687094238054,149.99513244628906,red,red,False,False
v6_formal_v16,runs/v4r_s1/v4_pilot/supervised/final_nets.pt,4.0,min,67.0,e3abeadbbd0c,True,True,153.5,12.572992892190815,0.3692308127880097,74.50038536645889,79.43671154307559,25.98427934274078,12.572992892190815,48.51610602371811,53.45243220033481,red,red,True,True
v6_formal_v16,runs/v4r_s2/v4_pilot/supervised/final_nets.pt,3.0,cons,32.0,e40dd96b8d24,True,True,155.5,9.65961165505209,-2.4869614131642095,36.324531420749736,38.4615639966778,13.563932051393248,9.166130948469986,22.760599369356488,24.897631945284555,red,red,False,False
v6_formal_v16,constant,2.0,cons,150.0,e413443d5db9,True,True,147.0,16.0,0.0,157.63937094238054,163.1338946533203,46.875,16.0,110.76437094238054,116.25889465332031,red,red,False,False
v6_formal_v16,runs/v4r_s1/v4_pilot/supervised/final_nets.pt,3.0,cons,78.0,e7fc13335178,True,True,153.0,12.38837748579681,-0.2714553326368332,80.74072796095561,80.91730311945057,25.449185740668327,12.38837748579681,55.29154222028728,55.46811737878224,red,red,True,True
v6_formal_v16,runs/v4r/v4_pilot/supervised/final_nets.pt,2.0,early,,e9416b372d51,True,True,146.0,16.0,0.0,173.63937094238054,192.30763244628906,46.875,16.0,126.76437094238054,145.43263244628906,red,red,False,False
v6_formal_v16,runs/v4r_s1/v4_pilot/supervised/final_nets.pt,3.0,cons,89.0,ecb5e06cc2b8,True,True,152.0,12.659832818433642,-0.2714553326368332,93.26483311307084,95.1717963856121,26.501737609505653,12.659832818433642,66.76309550356518,68.67005877610644,red,red,True,True
v6_formal_v16,runs/v4r_s1/v4_pilot/supervised/final_nets.pt,3.0,min,150.0,ecd883ec1f0f,True,True,147.5,13.924183782190084,-0.5245229676365852,152.42526841432255,150.2660007417351,30.75373513903469,13.924183782190084,121.67153327528786,119.51226560270041,red,red,False,False
v6_formal_v16,runs/v4r/v4_pilot/supervised/final_nets.pt,4.0,min,78.0,ee3644fcfb27,True,True,151.5,16.0,0.0,85.68817236403402,78.04143953782295,40.0,16.0,45.68817236403402,38.04143953782295,red,red,True,True
v6_formal_v16,runs/v4r_s1/v4_pilot/supervised/final_nets.pt,2.0,min,100.0,ef4b7b400d32,True,True,151.0,12.931288151070476,-0.10305558983236551,106.0603935978229,105.92417832909915,31.666932795429602,12.931288151070476,74.39346080239329,74.25724553366955,red,red,False,False
v6_formal_v16,runs/v4r/v4_pilot/supervised/final_nets.pt,3.0,min,78.0,f09741cac732,True,True,151.5,16.0,0.0,85.68817236403402,78.04143953782295,42.3125,16.0,43.37567236403402,35.72893953782295,red,red,True,True
v6_formal_v16,constant,4.0,cons,32.0,f4e1ca0c6dd6,True,True,155.5,9.659024200607607,-2.486293705900767,36.2079359970121,38.45906992277708,13.437316551670921,9.415877347657224,22.77061944534118,25.02175337110616,red,red,False,False
v6_formal_v16,runs/v4r_s2/v4_pilot/supervised/final_nets.pt,2.0,min,150.0,f639b36fdbe7,True,True,147.0,16.0,0.0,157.63937094238054,163.1338946533203,46.875,16.0,110.76437094238054,116.25889465332031,red,red,False,False
v6_formal_v16,runs/v4r_s1/v4_pilot/supervised/final_nets.pt,4.0,min,32.0,f8b7a38382c5,True,True,156.5,12.60602535763756,-1.1918870961293577,35.60910878941377,39.114364328229954,23.371772220521255,12.60602535763756,12.237336568892513,15.742592107708699,red,red,False,False
v6_formal_v16,runs/v4r_s1/v4_pilot/supervised/final_nets.pt,3.0,min,100.0,f94adc878b90,True,True,151.0,12.931288151070476,-0.10305558983236551,106.0603935978229,105.92417832909915,28.176958039868623,12.931288151070476,77.88343555795427,77.74722028923053,red,red,False,False
v6_formal_v16,constant,4.0,min,100.0,fa98d4d5d34f,True,True,150.5,16.0,0.0,101.63937094238054,104.08543686797655,40.0,16.0,61.63937094238054,64.08543686797655,red,red,False,False
v6_formal_v16,runs/v4r_s1/v4_pilot/supervised/final_nets.pt,4.0,min,120.0,faac6d5998d4,True,True,149.5,13.085871535819024,-0.10305558983236551,125.57326336299002,136.87142427646017,27.15025691234041,13.085871535819024,98.42300645064961,109.72116736411976,red,red,True,True
v6_formal_v16,runs/v4r/v4_pilot/supervised/final_nets.pt,4.0,min,32.0,fc0777f1122c,True,True,154.5,13.789081307571978,-3.5,38.54193651713604,35.48496549935834,27.343825230287912,13.039081307571978,11.198111286848125,8.141140269070426,red,red,True,True
v6_formal_v16,runs/v4r_s2/v4_pilot/supervised/final_nets.pt,4.0,min,67.0,fcc10fea514c,True,True,152.5,16.0,0.0,69.63937094238054,71.34785792082414,40.0,16.0,29.639370942380538,31.34785792082414,red,red,True,True
v6_formal_v16,constant,4.0,min,120.0,fe2edba46631,True,True,149.0,16.0,0.0,125.63937094238054,132.93567506152343,40.0,16.0,85.63937094238054,92.93567506152343,red,red,False,False
v6_formal_v16,runs/v4r_s2/v4_pilot/supervised/final_nets.pt,3.0,cons,150.0,fe87bac170b6,True,True,147.0,16.0,0.0,157.63937094238054,163.1338946533203,42.3125,16.0,115.32687094238054,120.82139465332031,red,red,False,False
v6_formal_v16,runs/v4r_s1/v4_pilot/supervised/final_nets.pt,2.0,min,120.0,fef4b60f0e83,True,True,149.5,13.085871535819024,-0.10305558983236551,125.57326336299002,136.87142427646017,32.32391218061094,13.085871535819024,93.24935118237909,104.54751209584924,red,red,False,False
